PDB ID,Chain ID,Entity ID,Sequence,Chain Length,DB ID,DB Name,Molecular Weight,Sequence and Secondary Structure,Entity Macromol. Type
"5R7Y","A","1","SGFRKMAFPSGKVEGCMVQVTCGTTTLNGLWLDDVVYCPRHVICTSEDMLNPNYEDLLIRKSNHNFLVQAGNVQLRVIGHSMQNCVLKLKVDTANPKTPKYKFVRIQPGQTFSVLACYNGSPSGVYQCAMRPNFTIKGSFLNGSCGSVGFNIDYDCVSFCYMHHMELPTGVHAGTDLEGNFYGPFVDRQTAQAAGTDTTITVNVLAWLYAAVINGDRWFLNRFTTTLNDFNLVAMKYNYEPLTQDHVDILGPLSAQTGIAVLDMCASLKELLQNGMNGRTILGSALLEDEFTPFDVVRQCSGVTFQ","306","5R7Y","PDB","33825.50","SGFRKMAFPSGKVEGCMVQVTCGTTTLNGLWLDDVVYCPRHVICTSEDMLNPNYEDLLIRKSNHNFLVQAGNVQLRVIGHSMQNCVLKLKVDTANPKTPKYKFVRIQPGQTFSVLACYNGSPSGVYQCAMRPNFTIKGSFLNGSCGSVGFNIDYDCVSFCYMHHMELPTGVHAGTDLEGNFYGPFVDRQTAQAAGTDTTITVNVLAWLYAAVINGDRWFLNRFTTTLNDFNLVAMKYNYEPLTQDHVDILGPLSAQTGIAVLDMCASLKELLQNGMNGRTILGSALLEDEFTPFDVVRQCSGVTFQ#          HHHHTTEEEEEETTEEEEEEEETTEEEEEGGGG  TTGGGS  HHHHHHT  GGGEEEEETTEEE EEEEEEETTEEEEEESS  TT  EEEE    TT EEEEEEEETTEEEEEEEEE  TTS B     TT TT EEEEEETTEEEEEEEEEEE TTS EEEE TTS BSTT  SSSS        B HHHHHHHHHHHHHTT  TT  S    HHHHHHHHHHTTB    HHHHHHTHHHHHHHT  HHHHHHHHHHHHHH  TT  BTTBSS      HHHHHHHHHT    ","Polypeptide(L)"
"5R7Z","A","1","SGFRKMAFPSGKVEGCMVQVTCGTTTLNGLWLDDVVYCPRHVICTSEDMLNPNYEDLLIRKSNHNFLVQAGNVQLRVIGHSMQNCVLKLKVDTANPKTPKYKFVRIQPGQTFSVLACYNGSPSGVYQCAMRPNFTIKGSFLNGSCGSVGFNIDYDCVSFCYMHHMELPTGVHAGTDLEGNFYGPFVDRQTAQAAGTDTTITVNVLAWLYAAVINGDRWFLNRFTTTLNDFNLVAMKYNYEPLTQDHVDILGPLSAQTGIAVLDMCASLKELLQNGMNGRTILGSALLEDEFTPFDVVRQCSGVTFQ","306","5R7Z","PDB","33825.50","SGFRKMAFPSGKVEGCMVQVTCGTTTLNGLWLDDVVYCPRHVICTSEDMLNPNYEDLLIRKSNHNFLVQAGNVQLRVIGHSMQNCVLKLKVDTANPKTPKYKFVRIQPGQTFSVLACYNGSPSGVYQCAMRPNFTIKGSFLNGSCGSVGFNIDYDCVSFCYMHHMELPTGVHAGTDLEGNFYGPFVDRQTAQAAGTDTTITVNVLAWLYAAVINGDRWFLNRFTTTLNDFNLVAMKYNYEPLTQDHVDILGPLSAQTGIAVLDMCASLKELLQNGMNGRTILGSALLEDEFTPFDVVRQCSGVTFQ#          HHHHTTEEEEEETTEEEEEEEETTEEEEEGGGG  TTGGGS  HHHHHHT  GGGEEEEETTEEE EEEEEEETTEEEEEESS  TT  EEEE    TT EEEEEEEETTEEEEEEEEE  TTS B     TT TT EEEEEETTEEEEEEEEEEE TTS EEEE TTS BSTT  SSSS        B HHHHHHHHHHHHHTT  TT  S    HHHHHHHHHHTTB    HHHHHHTHHHHHHHT  HHHHHHHHHHHHHH  TT  BTTBSS      HHHHHHHHHT    ","Polypeptide(L)"
"5R80","A","1","SGFRKMAFPSGKVEGCMVQVTCGTTTLNGLWLDDVVYCPRHVICTSEDMLNPNYEDLLIRKSNHNFLVQAGNVQLRVIGHSMQNCVLKLKVDTANPKTPKYKFVRIQPGQTFSVLACYNGSPSGVYQCAMRPNFTIKGSFLNGSCGSVGFNIDYDCVSFCYMHHMELPTGVHAGTDLEGNFYGPFVDRQTAQAAGTDTTITVNVLAWLYAAVINGDRWFLNRFTTTLNDFNLVAMKYNYEPLTQDHVDILGPLSAQTGIAVLDMCASLKELLQNGMNGRTILGSALLEDEFTPFDVVRQCSGVTFQ","306","5R80","PDB","33825.50","SGFRKMAFPSGKVEGCMVQVTCGTTTLNGLWLDDVVYCPRHVICTSEDMLNPNYEDLLIRKSNHNFLVQAGNVQLRVIGHSMQNCVLKLKVDTANPKTPKYKFVRIQPGQTFSVLACYNGSPSGVYQCAMRPNFTIKGSFLNGSCGSVGFNIDYDCVSFCYMHHMELPTGVHAGTDLEGNFYGPFVDRQTAQAAGTDTTITVNVLAWLYAAVINGDRWFLNRFTTTLNDFNLVAMKYNYEPLTQDHVDILGPLSAQTGIAVLDMCASLKELLQNGMNGRTILGSALLEDEFTPFDVVRQCSGVTFQ#          HHHHTTEEEEEETTEEEEEEEETTEEEEEGGGG  GGGGGS  HHHHHHT  GGG EEEETTEEE EEEEEEETTEEEEEESS  TT  EEEE    TT EEEEEEEETTEEEEEEEEE  TTS B     TT TT EEEEEETTEEEEEEEEEEE TTS EEEE TTS BSTT  SSSS        B HHHHHHHHHHHHHTT  TT  S    HHHHHHHHHHTTB    HHHHHHTHHHHHHHT  HHHHHHHHHHHHHH  TT  BTTBSS   S  HHHHHHHHHT    ","Polypeptide(L)"
"5R81","A","1","SGFRKMAFPSGKVEGCMVQVTCGTTTLNGLWLDDVVYCPRHVICTSEDMLNPNYEDLLIRKSNHNFLVQAGNVQLRVIGHSMQNCVLKLKVDTANPKTPKYKFVRIQPGQTFSVLACYNGSPSGVYQCAMRPNFTIKGSFLNGSCGSVGFNIDYDCVSFCYMHHMELPTGVHAGTDLEGNFYGPFVDRQTAQAAGTDTTITVNVLAWLYAAVINGDRWFLNRFTTTLNDFNLVAMKYNYEPLTQDHVDILGPLSAQTGIAVLDMCASLKELLQNGMNGRTILGSALLEDEFTPFDVVRQCSGVTFQ","306","5R81","PDB","33825.50","SGFRKMAFPSGKVEGCMVQVTCGTTTLNGLWLDDVVYCPRHVICTSEDMLNPNYEDLLIRKSNHNFLVQAGNVQLRVIGHSMQNCVLKLKVDTANPKTPKYKFVRIQPGQTFSVLACYNGSPSGVYQCAMRPNFTIKGSFLNGSCGSVGFNIDYDCVSFCYMHHMELPTGVHAGTDLEGNFYGPFVDRQTAQAAGTDTTITVNVLAWLYAAVINGDRWFLNRFTTTLNDFNLVAMKYNYEPLTQDHVDILGPLSAQTGIAVLDMCASLKELLQNGMNGRTILGSALLEDEFTPFDVVRQCSGVTFQ#          HHHHTTEEEEEETTEEEEEEEETTEEEEEGGGG  TTTTTS  HHHHHTT  GGGEEEEETTEEE EEEEEEETTEEEEEESS  TT  EEEE    TT EEEEEEEETTEEEEEEEEE  TTS B     TT TT EEEEEETTEEEEEEEEEEE TTS EEEE TT  BSTT  SSSS        B HHHHHHHHHHHHHTT  TT  S    HHHHHHHHHHTTB    HHHHHHTHHHHHHHT  HHHHHHHHHHHHHH  TT  BTTBSS   S  HHHHHHHHHT    ","Polypeptide(L)"
"5R82","A","1","SGFRKMAFPSGKVEGCMVQVTCGTTTLNGLWLDDVVYCPRHVICTSEDMLNPNYEDLLIRKSNHNFLVQAGNVQLRVIGHSMQNCVLKLKVDTANPKTPKYKFVRIQPGQTFSVLACYNGSPSGVYQCAMRPNFTIKGSFLNGSCGSVGFNIDYDCVSFCYMHHMELPTGVHAGTDLEGNFYGPFVDRQTAQAAGTDTTITVNVLAWLYAAVINGDRWFLNRFTTTLNDFNLVAMKYNYEPLTQDHVDILGPLSAQTGIAVLDMCASLKELLQNGMNGRTILGSALLEDEFTPFDVVRQCSGVTFQ","306","5R82","PDB","33825.50","SGFRKMAFPSGKVEGCMVQVTCGTTTLNGLWLDDVVYCPRHVICTSEDMLNPNYEDLLIRKSNHNFLVQAGNVQLRVIGHSMQNCVLKLKVDTANPKTPKYKFVRIQPGQTFSVLACYNGSPSGVYQCAMRPNFTIKGSFLNGSCGSVGFNIDYDCVSFCYMHHMELPTGVHAGTDLEGNFYGPFVDRQTAQAAGTDTTITVNVLAWLYAAVINGDRWFLNRFTTTLNDFNLVAMKYNYEPLTQDHVDILGPLSAQTGIAVLDMCASLKELLQNGMNGRTILGSALLEDEFTPFDVVRQCSGVTFQ#          HHHHTTEEEEEETTEEEEEEEETTEEEEEGGGG  TTGGGS  HHHHHHT  GGGEEEEETTEEE EEEEEEETTEEEEEESS  TT  EEEE    TT EEEEEEEETTEEEEEEEEE  TTS B     TT TT EEEEEETTEEEEEEEEEEE TTS EEEE TTS BSTT  SSSS        B HHHHHHHHHHHHHTT  TT  S    HHHHHHHHHHTTB    HHHHHHTHHHHHHHT  HHHHHHHHHHHHHH  SS  BTTBSS   S  HHHHHHHHHT    ","Polypeptide(L)"
"5R83","A","1","SGFRKMAFPSGKVEGCMVQVTCGTTTLNGLWLDDVVYCPRHVICTSEDMLNPNYEDLLIRKSNHNFLVQAGNVQLRVIGHSMQNCVLKLKVDTANPKTPKYKFVRIQPGQTFSVLACYNGSPSGVYQCAMRPNFTIKGSFLNGSCGSVGFNIDYDCVSFCYMHHMELPTGVHAGTDLEGNFYGPFVDRQTAQAAGTDTTITVNVLAWLYAAVINGDRWFLNRFTTTLNDFNLVAMKYNYEPLTQDHVDILGPLSAQTGIAVLDMCASLKELLQNGMNGRTILGSALLEDEFTPFDVVRQCSGVTFQ","306","5R83","PDB","33825.50","SGFRKMAFPSGKVEGCMVQVTCGTTTLNGLWLDDVVYCPRHVICTSEDMLNPNYEDLLIRKSNHNFLVQAGNVQLRVIGHSMQNCVLKLKVDTANPKTPKYKFVRIQPGQTFSVLACYNGSPSGVYQCAMRPNFTIKGSFLNGSCGSVGFNIDYDCVSFCYMHHMELPTGVHAGTDLEGNFYGPFVDRQTAQAAGTDTTITVNVLAWLYAAVINGDRWFLNRFTTTLNDFNLVAMKYNYEPLTQDHVDILGPLSAQTGIAVLDMCASLKELLQNGMNGRTILGSALLEDEFTPFDVVRQCSGVTFQ#          HHHHTTEEEEEETTEEEEEEEETTEEEEEGGGG  SSGGGS  HHHHHHT  GGGEEEEETTEEE EEEEEEETTEEEEEESS  TT  EEEE    TT EEEEEEEETTEEEEEEEEE  TTS B     TT TT EEEEEETTEEEEEEEEEEE TTS EEEE TTS BSTT  SSSS        B HHHHHHHHHHHHHTT  TT  S    HHHHHHHHHHTTB    HHHHHHTHHHHHHHT  HHHHHHHHHHHHHH  TT  BTTBSS      HHHHHHHHHT    ","Polypeptide(L)"
"5R84","A","1","SGFRKMAFPSGKVEGCMVQVTCGTTTLNGLWLDDVVYCPRHVICTSEDMLNPNYEDLLIRKSNHNFLVQAGNVQLRVIGHSMQNCVLKLKVDTANPKTPKYKFVRIQPGQTFSVLACYNGSPSGVYQCAMRPNFTIKGSFLNGSCGSVGFNIDYDCVSFCYMHHMELPTGVHAGTDLEGNFYGPFVDRQTAQAAGTDTTITVNVLAWLYAAVINGDRWFLNRFTTTLNDFNLVAMKYNYEPLTQDHVDILGPLSAQTGIAVLDMCASLKELLQNGMNGRTILGSALLEDEFTPFDVVRQCSGVTFQ","306","5R84","PDB","33825.50","SGFRKMAFPSGKVEGCMVQVTCGTTTLNGLWLDDVVYCPRHVICTSEDMLNPNYEDLLIRKSNHNFLVQAGNVQLRVIGHSMQNCVLKLKVDTANPKTPKYKFVRIQPGQTFSVLACYNGSPSGVYQCAMRPNFTIKGSFLNGSCGSVGFNIDYDCVSFCYMHHMELPTGVHAGTDLEGNFYGPFVDRQTAQAAGTDTTITVNVLAWLYAAVINGDRWFLNRFTTTLNDFNLVAMKYNYEPLTQDHVDILGPLSAQTGIAVLDMCASLKELLQNGMNGRTILGSALLEDEFTPFDVVRQCSGVTFQ#          HHHHTTEEEEEETTEEEEEEEETTEEEEEGGGG  TTTTTS  HHHHHHT  GGG EEEETTEEE EEEEEEETTEEEEEESS  TT  EEEE    TT EEEEEEEETTEEEEEEEEE  TTS B     TT TT EEEEEETTEEEEEEEEEEE TTS EEEE TT  BSSS  SSSS        B HHHHHHHHHHHHHTT  TT  S    HHHHHHHHHHTTB    HHHHHHTHHHHHHHT  HHHHHHHHHHHHHH  TT  BTTBSS      HHHHHHHHHT    ","Polypeptide(L)"
"6LU7","A","1","SGFRKMAFPSGKVEGCMVQVTCGTTTLNGLWLDDVVYCPRHVICTSEDMLNPNYEDLLIRKSNHNFLVQAGNVQLRVIGHSMQNCVLKLKVDTANPKTPKYKFVRIQPGQTFSVLACYNGSPSGVYQCAMRPNFTIKGSFLNGSCGSVGFNIDYDCVSFCYMHHMELPTGVHAGTDLEGNFYGPFVDRQTAQAAGTDTTITVNVLAWLYAAVINGDRWFLNRFTTTLNDFNLVAMKYNYEPLTQDHVDILGPLSAQTGIAVLDMCASLKELLQNGMNGRTILGSALLEDEFTPFDVVRQCSGVTFQ","306","6LU7","PDB","33825.50","SGFRKMAFPSGKVEGCMVQVTCGTTTLNGLWLDDVVYCPRHVICTSEDMLNPNYEDLLIRKSNHNFLVQAGNVQLRVIGHSMQNCVLKLKVDTANPKTPKYKFVRIQPGQTFSVLACYNGSPSGVYQCAMRPNFTIKGSFLNGSCGSVGFNIDYDCVSFCYMHHMELPTGVHAGTDLEGNFYGPFVDRQTAQAAGTDTTITVNVLAWLYAAVINGDRWFLNRFTTTLNDFNLVAMKYNYEPLTQDHVDILGPLSAQTGIAVLDMCASLKELLQNGMNGRTILGSALLEDEFTPFDVVRQCSGVTFQ#          HHHHTTEEEEEETTEEEEEEEETTEEEEEGGGG  TTTTTS  HHHHHHT  GGG EEEETTEEE EEEEEEETTEEEEEESS  TT   EEE    TT EEEEEEEETTEEEEEEEEE  TTS B     TT TT EEEEESSS EEEEEEEEEE TTS EEEE TTS BSSS  SSSS        B HHHHHHHHHHHHHTT  TT  S    HHHHHHHHHHTTB    HHHHHHTHHHHHHHT  HHHHHHHHHHHHHH  TT  BTTBSS      HHHHHHHHTT    ","Polypeptide(L)"
"6LU7","C","2","XAVLXX","6","6LU7","PDB","680.79","XAVLXX#  B   ","Polypeptide(L)"
"6LVN","A","1","DISGINASVVNIQKEIDRLNEVAKNLNESLIDLQEL","36","6LVN","PDB","4011.47","DISGINASVVNIQKEIDRLNEVAKNLNESLIDLQEL#  HHHHHHHHHHHHHHHHHHHHHHHHHHHHHHHH  ","Polypeptide(L)"
"6LVN","B","1","DISGINASVVNIQKEIDRLNEVAKNLNESLIDLQEL","36","6LVN","PDB","4011.47","DISGINASVVNIQKEIDRLNEVAKNLNESLIDLQEL#  HHHHHHHHHHHHHHHHHHHHHHHHHHHHHHHHT ","Polypeptide(L)"
"6LVN","C","1","DISGINASVVNIQKEIDRLNEVAKNLNESLIDLQEL","36","6LVN","PDB","4011.47","DISGINASVVNIQKEIDRLNEVAKNLNESLIDLQEL#   HHHHHHHHHHHHHHHHHHHHHHHHHHHHHHH  ","Polypeptide(L)"
"6LVN","D","1","DISGINASVVNIQKEIDRLNEVAKNLNESLIDLQEL","36","6LVN","PDB","4011.47","DISGINASVVNIQKEIDRLNEVAKNLNESLIDLQEL#  HHHHHHHHHHHHHHHHHHHHHHHHHHHHHHHH  ","Polypeptide(L)"
"6LXT","A","1","GVTQNVLYENQKLIANQFNSAIGKIQDSLSSTASALGKLQDVVNQNAQALNTLVKQLSSNFGAISSVLNDILSRLDKVESGGRGGPDVDLGDISGINASVVNIQKEIDRLNEVAKNLNESLIDLQELGKYGG","132","Q3LZX1","UniProt","13979.50","GVTQNVLYENQKLIANQFNSAIGKIQDSLSSTASALGKLQDVVNQNAQALNTLVKQLSSNFGAISSVLNDILSRLDKVESGGRGGPDVDLGDISGINASVVNIQKEIDRLNEVAKNLNESLIDLQELGKYGG#    HHHHHHHHHHHHHHHHHHHHHHHHHHHHHHHHHHHHHHHHHHHHHHHHHHHHHHHHHHHHHHHHHHHHHHHHHH               TT        HHHHHHHHHHHHHGGGG            ","Polypeptide(L)"
"6LXT","B","1","GVTQNVLYENQKLIANQFNSAIGKIQDSLSSTASALGKLQDVVNQNAQALNTLVKQLSSNFGAISSVLNDILSRLDKVESGGRGGPDVDLGDISGINASVVNIQKEIDRLNEVAKNLNESLIDLQELGKYGG","132","Q3LZX1","UniProt","13979.50","GVTQNVLYENQKLIANQFNSAIGKIQDSLSSTASALGKLQDVVNQNAQALNTLVKQLSSNFGAISSVLNDILSRLDKVESGGRGGPDVDLGDISGINASVVNIQKEIDRLNEVAKNLNESLIDLQELGKYGG#     HHHHHHHHHHHHHHHHHHHHHHHHHHHHHHHHHHHHHHHHHHHHHHHHHHHHHHHHHHHHHHHHHHHHHHHHH               SS        HHHHHHHHHHHHHGGGG            ","Polypeptide(L)"
"6LXT","C","1","GVTQNVLYENQKLIANQFNSAIGKIQDSLSSTASALGKLQDVVNQNAQALNTLVKQLSSNFGAISSVLNDILSRLDKVESGGRGGPDVDLGDISGINASVVNIQKEIDRLNEVAKNLNESLIDLQELGKYGG","132","Q3LZX1","UniProt","13979.50","GVTQNVLYENQKLIANQFNSAIGKIQDSLSSTASALGKLQDVVNQNAQALNTLVKQLSSNFGAISSVLNDILSRLDKVESGGRGGPDVDLGDISGINASVVNIQKEIDRLNEVAKNLNESLIDLQELGKYGG#   HHHHHHHHHHHHHHHHHHHHHHHHHHHHHHHHHHHHHHHHHHHHHHHHHHHHHHHHHHHHHHHHHHHHHHHHHHH               TT        HHHHHHHHHHHHHGGGG            ","Polypeptide(L)"
"6LXT","D","1","GVTQNVLYENQKLIANQFNSAIGKIQDSLSSTASALGKLQDVVNQNAQALNTLVKQLSSNFGAISSVLNDILSRLDKVESGGRGGPDVDLGDISGINASVVNIQKEIDRLNEVAKNLNESLIDLQELGKYGG","132","Q3LZX1","UniProt","13979.50","GVTQNVLYENQKLIANQFNSAIGKIQDSLSSTASALGKLQDVVNQNAQALNTLVKQLSSNFGAISSVLNDILSRLDKVESGGRGGPDVDLGDISGINASVVNIQKEIDRLNEVAKNLNESLIDLQELGKYGG#   HHHHHHHHHHHHHHHHHHHHHHHHHHHHHHHHHHHHHHHHHHHHHHHHHHHHHHHHHHHHHHHHHHHHHHHTT                 TT        HHHHHHHHHHHHHGGGG            ","Polypeptide(L)"
"6LXT","E","1","GVTQNVLYENQKLIANQFNSAIGKIQDSLSSTASALGKLQDVVNQNAQALNTLVKQLSSNFGAISSVLNDILSRLDKVESGGRGGPDVDLGDISGINASVVNIQKEIDRLNEVAKNLNESLIDLQELGKYGG","132","Q3LZX1","UniProt","13979.50","GVTQNVLYENQKLIANQFNSAIGKIQDSLSSTASALGKLQDVVNQNAQALNTLVKQLSSNFGAISSVLNDILSRLDKVESGGRGGPDVDLGDISGINASVVNIQKEIDRLNEVAKNLNESLIDLQELGKYGG#      HHHHHHHHHHHHHHHHHHHHHHHHHHHHHHHHHHHHHHHHHHHHHHHHHHHHHHHHHHHHHHHHHHHHHHTT               TT        HHHHHHHHHHHHHGGGG            ","Polypeptide(L)"
"6LXT","F","1","GVTQNVLYENQKLIANQFNSAIGKIQDSLSSTASALGKLQDVVNQNAQALNTLVKQLSSNFGAISSVLNDILSRLDKVESGGRGGPDVDLGDISGINASVVNIQKEIDRLNEVAKNLNESLIDLQELGKYGG","132","Q3LZX1","UniProt","13979.50","GVTQNVLYENQKLIANQFNSAIGKIQDSLSSTASALGKLQDVVNQNAQALNTLVKQLSSNFGAISSVLNDILSRLDKVESGGRGGPDVDLGDISGINASVVNIQKEIDRLNEVAKNLNESLIDLQELGKYGG#    HHHHHHHHHHHHHHHHHHHHHHHHHHHHHHHHHHHHHHHHHHHHHHHHHHHHHHHHHHHHHHHHHHHHHHHHHH               TT        HHHHHHHHHHHHHGGGGS           ","Polypeptide(L)"
"6M03","A","1","SGFRKMAFPSGKVEGCMVQVTCGTTTLNGLWLDDVVYCPRHVICTSEDMLNPNYEDLLIRKSNHNFLVQAGNVQLRVIGHSMQNCVLKLKVDTANPKTPKYKFVRIQPGQTFSVLACYNGSPSGVYQCAMRPNFTIKGSFLNGSCGSVGFNIDYDCVSFCYMHHMELPTGVHAGTDLEGNFYGPFVDRQTAQAAGTDTTITVNVLAWLYAAVINGDRWFLNRFTTTLNDFNLVAMKYNYEPLTQDHVDILGPLSAQTGIAVLDMCASLKELLQNGMNGRTILGSALLEDEFTPFDVVRQCSGVTFQ","306","6M03","PDB","33825.50","SGFRKMAFPSGKVEGCMVQVTCGTTTLNGLWLDDVVYCPRHVICTSEDMLNPNYEDLLIRKSNHNFLVQAGNVQLRVIGHSMQNCVLKLKVDTANPKTPKYKFVRIQPGQTFSVLACYNGSPSGVYQCAMRPNFTIKGSFLNGSCGSVGFNIDYDCVSFCYMHHMELPTGVHAGTDLEGNFYGPFVDRQTAQAAGTDTTITVNVLAWLYAAVINGDRWFLNRFTTTLNDFNLVAMKYNYEPLTQDHVDILGPLSAQTGIAVLDMCASLKELLQNGMNGRTILGSALLEDEFTPFDVVRQCSGVTFQ#          HHHHTTEEEEEETTEEEEEEEETTEEEEEGGGG  TTGGGS  HHHHHHT  GGGEEEEETTEEE EEEEEEETTEEEEEESS  TT  EEEE    TT EEEEEEEETTEEEEEEEEE  TTS B     TT TT EEEEEETTEEEEEEEEEEE TTS EEEE TTS BSSS  SSSS        B HHHHHHHHHHHHHTT  TT  S    HHHHHHHHHHTTB    HHHHHHHHHHHHHHT  HHHHHHHHHHHHHH  TT  BTTBSS      HHHHHHHHHT    ","Polypeptide(L)"
"6M17","A","1","MADYKDDDDKSGPDEVDASGRVRLVLPNPGLDARIPSLAELETIEQEEASSRPKWDNKAQYMLTCLGFCVGLGNVWRFPYLCQSHGGGAFMIPFLILLVLEGIPLLYLEFAIGQRLRRGSLGVWSSIHPALKGLGLASMLTSFMVGLYYNTIISWIMWYLFNSFQEPLPWSDCPLNENQTGYVDECARSSPVDYFWYRETLNISTSISDSGSIQWWMLLCLACAWSVLYMCTIRGIETTGKAVYITSTLPYVVLTIFLIRGLTLKGATNGIVFLFTPNVTELAQPDTWLDAGAQVFFSFSLAFGGLISFSSYNSVHNNCEKDSVIVSIINGFTSVYVAIVVYSVIGFRATQRYDDCFSTNILTLINGFDLPEGNVTQENFVDMQQRCNASDPAAYAQLVFQTCDINAFLSEAVEGTGLAFIVFTEAITKMPLSPLWSVLFFIMLFCLGLSSMFGNMEGVVVPLQDLRVIPPKWPKEVLTGLICLGTFLIGFIFTLNSGQYWLSLLDSYAGSIPLLIIAFCEMFSVVYVYGVDRFNKDIEFMIGHKPNIFWQVTWRVVSPLLMLIIFLFFFVVEVSQELTYSIWDPGYEEFPKSQKISYPNWVYVVVVIVAGVPSLTIPGYAIYKLIRNHCQKPGDHQGLVSTLSTASMNGDLKY","654","Q695T7","UniProt","73289.40","MADYKDDDDKSGPDEVDASGRVRLVLPNPGLDARIPSLAELETIEQEEASSRPKWDNKAQYMLTCLGFCVGLGNVWRFPYLCQSHGGGAFMIPFLILLVLEGIPLLYLEFAIGQRLRRGSLGVWSSIHPALKGLGLASMLTSFMVGLYYNTIISWIMWYLFNSFQEPLPWSDCPLNENQTGYVDECARSSPVDYFWYRETLNISTSISDSGSIQWWMLLCLACAWSVLYMCTIRGIETTGKAVYITSTLPYVVLTIFLIRGLTLKGATNGIVFLFTPNVTELAQPDTWLDAGAQVFFSFSLAFGGLISFSSYNSVHNNCEKDSVIVSIINGFTSVYVAIVVYSVIGFRATQRYDDCFSTNILTLINGFDLPEGNVTQENFVDMQQRCNASDPAAYAQLVFQTCDINAFLSEAVEGTGLAFIVFTEAITKMPLSPLWSVLFFIMLFCLGLSSMFGNMEGVVVPLQDLRVIPPKWPKEVLTGLICLGTFLIGFIFTLNSGQYWLSLLDSYAGSIPLLIIAFCEMFSVVYVYGVDRFNKDIEFMIGHKPNIFWQVTWRVVSPLLMLIIFLFFFVVEVSQELTYSIWDPGYEEFPKSQKISYPNWVYVVVVIVAGVPSLTIPGYAIYKLIRNHCQKPGDHQGLVSTLSTASMNGDLKY#                            TT BTTB  SSSHHHHGGG TTTS   SSHHHHHHHHHHHHSSSSSSSHHHHHHHHTTSSTTHHHHHTHHHHHTHHHHHHHHHHHHHH S HHHHHTSS TT  HHHHHHHHHHHHHHHHHHHHHHHHHHHHHT SSSS GGGS  B SSSSSB HHHHHS TTHHHHTTTTS   S SS      HHHHHHHHTHHHHHHHHSSSSTTTTTGGGTTTTTHHHHTHHHHHHHHTTSTT SSSHHHHHS  SGGGG THHHHHHHHHHHHHTT SSSHHHHHHTTS SS  TTHHHHHHHHHHHHHHHHSHHHHHHHHHHHHHHHHHHHHHHHHHHHHHHHT  TTT STTSHHHHHHHHHHH TTGGGG       TTSSS     SSTTTTTTHHHHHTTSSSHHHHHHHHHTHHHHHHHHHHHHHHHHHHHHHHTTT S TTS GGGHHHHTTHHHHTGGGGGSSTTHHHHHHHHHHHTTTSHHHHHHHHHHHHHHTTTTHHHHHHHHHHHTSS   HHHHHHHHTTTTTTTTHHHHHHHHHHSSS  EEEE  TTSSS SS EEEE  TTHHHHHHHHHHTTTSSHHHHHHHHHHT                           ","Polypeptide(L)"
"6M17","B","2","MRSSSSWLLLSLVAVTAAWSHPQFEKQSTIEEQAKTFLDKFNHEAEDLFYQSSLASWNYNTNITEENVQNMNNAGDKWSAFLKEQSTLAQMYPLQEIQNLTVKLQLQALQQNGSSVLSEDKSKRLNTILNTMSTIYSTGKVCNPDNPQECLLLEPGLNEIMANSLDYNERLWAWESWRSEVGKQLRPLYEEYVVLKNEMARANHYEDYGDYWRGDYEVNGVDGYDYSRGQLIEDVEHTFEEIKPLYEHLHAYVRAKLMNAYPSYISPIGCLPAHLLGDMWGRFWTNLYSLTVPFGQKPNIDVTDAMVDQAWDAQRIFKEAEKFFVSVGLPNMTQGFWENSMLTDPGNVQKAVCHPTAWDLGKGDFRILMCTKVTMDDFLTAHHEMGHIQYDMAYAAQPFLLRNGANEGFHEAVGEIMSLSAATPKHLKSIGLLSPDFQEDNETEINFLLKQALTIVGTLPFTYMLEKWRWMVFKGEIPKDQWMKKWWEMKREIVGVVEPVPHDETYCDPASLFHVSNDYSFIRYYTRTLYQFQFQEALCQAAKHEGPLHKCDISNSTEAGQKLFNMLRLGKSEPWTLALENVVGAKNMNVRPLLNYFEPLFTWLKDQNKNSFVGWSTDWSPYADQSIKVRISLKSALGDKAYEWNDNEMYLFRSSVAYAMRQYFLKVKNQMILFGEEDVRVANLKPRISFNFFVTAPKNVSDIIPRTEVEKAIRMSRSRINDAFRLNDNSLEFLGIQPTLGPPNQPPVSIWLIVFGVVMGVIVVGIVILIFTGIRDRKKKNKARSGENPYASIDISKGENNPGFQNTDDVQTSF","814","Q9BYF1","UniProt","93756.10","MRSSSSWLLLSLVAVTAAWSHPQFEKQSTIEEQAKTFLDKFNHEAEDLFYQSSLASWNYNTNITEENVQNMNNAGDKWSAFLKEQSTLAQMYPLQEIQNLTVKLQLQALQQNGSSVLSEDKSKRLNTILNTMSTIYSTGKVCNPDNPQECLLLEPGLNEIMANSLDYNERLWAWESWRSEVGKQLRPLYEEYVVLKNEMARANHYEDYGDYWRGDYEVNGVDGYDYSRGQLIEDVEHTFEEIKPLYEHLHAYVRAKLMNAYPSYISPIGCLPAHLLGDMWGRFWTNLYSLTVPFGQKPNIDVTDAMVDQAWDAQRIFKEAEKFFVSVGLPNMTQGFWENSMLTDPGNVQKAVCHPTAWDLGKGDFRILMCTKVTMDDFLTAHHEMGHIQYDMAYAAQPFLLRNGANEGFHEAVGEIMSLSAATPKHLKSIGLLSPDFQEDNETEINFLLKQALTIVGTLPFTYMLEKWRWMVFKGEIPKDQWMKKWWEMKREIVGVVEPVPHDETYCDPASLFHVSNDYSFIRYYTRTLYQFQFQEALCQAAKHEGPLHKCDISNSTEAGQKLFNMLRLGKSEPWTLALENVVGAKNMNVRPLLNYFEPLFTWLKDQNKNSFVGWSTDWSPYADQSIKVRISLKSALGDKAYEWNDNEMYLFRSSVAYAMRQYFLKVKNQMILFGEEDVRVANLKPRISFNFFVTAPKNVSDIIPRTEVEKAIRMSRSRINDAFRLNDNSLEFLGIQPTLGPPNQPPVSIWLIVFGVVMGVIVVGIVILIFTGIRDRKKKNKARSGENPYASIDISKGENNPGFQNTDDVQTSF#                              HHHHHHHHHHHHHHHHHHHHHHHHHHHHHHHS  STTHHHHHHHHHHHHHHHHHHHHHHTTS SSS   HHHHHHHHHHH   SSSS HHHHHHHHHHHHHHHHHHHH  EE SS TT EEBTTTBHHHHHHH   HHHHHHHHHHHHHHTTTTSHHHHHHHHHHHHHHHHTTT SSHHHHHGGGG B  SSS  B TTHHHHHHHHHHTTTHHHHHHHHHHHHHHHHHHSTTS  TTB EETTSSSSSSSS  GGGHHHH S TTS     SHHHHTTT  HHHHHHHHHHHHHHHT     SSHHHH B S  SS        EEEEEETTEEEEE    SSHHHHHHHHHHHHHHHHHTTSTTS GGG S SSSSHHHHHHHHHHHHHSSHHHHHHSS S TT    HHHHHHHHHHHHTTTTTTHHHHHHHHHHHHHHHHTSS GGGHHHHHHHHHHHTT EE SS   TT  SGGGSHHHHTT   THHHHHHHHHHHHHHHHHHHTT  S GGG   TT SHHHHHHHHHHTTTTSS HHHHHHTTTS SS  SHHHHHHTHHHHHHHHHHTSSS  S BSS  TTTTS EEEEE HHHHT TT     HHHHHHHHHHHHHHHHHHHHHTS       GGGEEEE   SSSEEEEEEB SS TT B  HHHHHHHHHHSHHHHHHHHT  SSSEEETT           SS HHHHHHHHHHHHHHHHHHHHHHHHHH                                       ","Polypeptide(L)"
"6M17","C","1","MADYKDDDDKSGPDEVDASGRVRLVLPNPGLDARIPSLAELETIEQEEASSRPKWDNKAQYMLTCLGFCVGLGNVWRFPYLCQSHGGGAFMIPFLILLVLEGIPLLYLEFAIGQRLRRGSLGVWSSIHPALKGLGLASMLTSFMVGLYYNTIISWIMWYLFNSFQEPLPWSDCPLNENQTGYVDECARSSPVDYFWYRETLNISTSISDSGSIQWWMLLCLACAWSVLYMCTIRGIETTGKAVYITSTLPYVVLTIFLIRGLTLKGATNGIVFLFTPNVTELAQPDTWLDAGAQVFFSFSLAFGGLISFSSYNSVHNNCEKDSVIVSIINGFTSVYVAIVVYSVIGFRATQRYDDCFSTNILTLINGFDLPEGNVTQENFVDMQQRCNASDPAAYAQLVFQTCDINAFLSEAVEGTGLAFIVFTEAITKMPLSPLWSVLFFIMLFCLGLSSMFGNMEGVVVPLQDLRVIPPKWPKEVLTGLICLGTFLIGFIFTLNSGQYWLSLLDSYAGSIPLLIIAFCEMFSVVYVYGVDRFNKDIEFMIGHKPNIFWQVTWRVVSPLLMLIIFLFFFVVEVSQELTYSIWDPGYEEFPKSQKISYPNWVYVVVVIVAGVPSLTIPGYAIYKLIRNHCQKPGDHQGLVSTLSTASMNGDLKY","654","Q695T7","UniProt","73289.40","MADYKDDDDKSGPDEVDASGRVRLVLPNPGLDARIPSLAELETIEQEEASSRPKWDNKAQYMLTCLGFCVGLGNVWRFPYLCQSHGGGAFMIPFLILLVLEGIPLLYLEFAIGQRLRRGSLGVWSSIHPALKGLGLASMLTSFMVGLYYNTIISWIMWYLFNSFQEPLPWSDCPLNENQTGYVDECARSSPVDYFWYRETLNISTSISDSGSIQWWMLLCLACAWSVLYMCTIRGIETTGKAVYITSTLPYVVLTIFLIRGLTLKGATNGIVFLFTPNVTELAQPDTWLDAGAQVFFSFSLAFGGLISFSSYNSVHNNCEKDSVIVSIINGFTSVYVAIVVYSVIGFRATQRYDDCFSTNILTLINGFDLPEGNVTQENFVDMQQRCNASDPAAYAQLVFQTCDINAFLSEAVEGTGLAFIVFTEAITKMPLSPLWSVLFFIMLFCLGLSSMFGNMEGVVVPLQDLRVIPPKWPKEVLTGLICLGTFLIGFIFTLNSGQYWLSLLDSYAGSIPLLIIAFCEMFSVVYVYGVDRFNKDIEFMIGHKPNIFWQVTWRVVSPLLMLIIFLFFFVVEVSQELTYSIWDPGYEEFPKSQKISYPNWVYVVVVIVAGVPSLTIPGYAIYKLIRNHCQKPGDHQGLVSTLSTASMNGDLKY#                            TT BTTB  SSSHHHHGGG TTTS   SSHHHHHHHHHHHHSSSSSSSHHHHHHHHTTSSTTHHHHHTHHHHHTHHHHHHHHHHHHHH S HHHHHTSS TT  HHHHHHHHHHHHHHHHHHHHHHHHHHHHHT SSSS GGGS  B SSSSSB HHHHHS TTHHHHTTTTS   S SS      HHHHHHHHTHHHHHHHHSSSSTTTTTGGGTTTTTHHHHTHHHHHHHHTTSTT SSSHHHHHS  SGGGG THHHHHHHHHHHHHTT SSSHHHHHHTTS SS  TTHHHHHHHHHHHHHHHHSHHHHHHHHHHHHHHHHHHHHHHHHHHHHHHHT  TTT STTSHHHHHHHHHHH TTGGGG       TTSSS     SSTTTTTTHHHHHTTSSSHHHHHHHHHTHHHHHHHHHHHHHHHHHHHHHHTTT S TTS GGGHHHHTTHHHHTGGGGGSSTTHHHHHHHHHHHTTTSHHHHHHHHHHHHHHTTTTHHHHHHHHHHHTSS   HHHHHHHHTTTTTTTTHHHHHHHHHHSSS  EEEE  TTSSS SS EEEE  TTHHHHHHHHHHTTTSSHHHHHHHHHHT                           ","Polypeptide(L)"
"6M17","D","2","MRSSSSWLLLSLVAVTAAWSHPQFEKQSTIEEQAKTFLDKFNHEAEDLFYQSSLASWNYNTNITEENVQNMNNAGDKWSAFLKEQSTLAQMYPLQEIQNLTVKLQLQALQQNGSSVLSEDKSKRLNTILNTMSTIYSTGKVCNPDNPQECLLLEPGLNEIMANSLDYNERLWAWESWRSEVGKQLRPLYEEYVVLKNEMARANHYEDYGDYWRGDYEVNGVDGYDYSRGQLIEDVEHTFEEIKPLYEHLHAYVRAKLMNAYPSYISPIGCLPAHLLGDMWGRFWTNLYSLTVPFGQKPNIDVTDAMVDQAWDAQRIFKEAEKFFVSVGLPNMTQGFWENSMLTDPGNVQKAVCHPTAWDLGKGDFRILMCTKVTMDDFLTAHHEMGHIQYDMAYAAQPFLLRNGANEGFHEAVGEIMSLSAATPKHLKSIGLLSPDFQEDNETEINFLLKQALTIVGTLPFTYMLEKWRWMVFKGEIPKDQWMKKWWEMKREIVGVVEPVPHDETYCDPASLFHVSNDYSFIRYYTRTLYQFQFQEALCQAAKHEGPLHKCDISNSTEAGQKLFNMLRLGKSEPWTLALENVVGAKNMNVRPLLNYFEPLFTWLKDQNKNSFVGWSTDWSPYADQSIKVRISLKSALGDKAYEWNDNEMYLFRSSVAYAMRQYFLKVKNQMILFGEEDVRVANLKPRISFNFFVTAPKNVSDIIPRTEVEKAIRMSRSRINDAFRLNDNSLEFLGIQPTLGPPNQPPVSIWLIVFGVVMGVIVVGIVILIFTGIRDRKKKNKARSGENPYASIDISKGENNPGFQNTDDVQTSF","814","Q9BYF1","UniProt","93756.10","MRSSSSWLLLSLVAVTAAWSHPQFEKQSTIEEQAKTFLDKFNHEAEDLFYQSSLASWNYNTNITEENVQNMNNAGDKWSAFLKEQSTLAQMYPLQEIQNLTVKLQLQALQQNGSSVLSEDKSKRLNTILNTMSTIYSTGKVCNPDNPQECLLLEPGLNEIMANSLDYNERLWAWESWRSEVGKQLRPLYEEYVVLKNEMARANHYEDYGDYWRGDYEVNGVDGYDYSRGQLIEDVEHTFEEIKPLYEHLHAYVRAKLMNAYPSYISPIGCLPAHLLGDMWGRFWTNLYSLTVPFGQKPNIDVTDAMVDQAWDAQRIFKEAEKFFVSVGLPNMTQGFWENSMLTDPGNVQKAVCHPTAWDLGKGDFRILMCTKVTMDDFLTAHHEMGHIQYDMAYAAQPFLLRNGANEGFHEAVGEIMSLSAATPKHLKSIGLLSPDFQEDNETEINFLLKQALTIVGTLPFTYMLEKWRWMVFKGEIPKDQWMKKWWEMKREIVGVVEPVPHDETYCDPASLFHVSNDYSFIRYYTRTLYQFQFQEALCQAAKHEGPLHKCDISNSTEAGQKLFNMLRLGKSEPWTLALENVVGAKNMNVRPLLNYFEPLFTWLKDQNKNSFVGWSTDWSPYADQSIKVRISLKSALGDKAYEWNDNEMYLFRSSVAYAMRQYFLKVKNQMILFGEEDVRVANLKPRISFNFFVTAPKNVSDIIPRTEVEKAIRMSRSRINDAFRLNDNSLEFLGIQPTLGPPNQPPVSIWLIVFGVVMGVIVVGIVILIFTGIRDRKKKNKARSGENPYASIDISKGENNPGFQNTDDVQTSF#                              HHHHHHHHHHHHHHHHHHHHHHHHHHHHHHHS  STTHHHHHHHHHHHHHHHHHHHHHHTTS SSS   HHHHHHHHHHH   SSSS HHHHHHHHHHHHHHHHHHHH  EE SS TT EEBTTTBHHHHHHH   HHHHHHHHHHHHHHTTTTSHHHHHHHHHHHHHHHHTTT SSHHHHHGGGG B  SSS  B TTHHHHHHHHHHTTTHHHHHHHHHHHHHHHHHHSTTS  TTB EETTSSSSSSSS  GGGHHHH S TTS     SHHHHTTT  HHHHHHHHHHHHHHHT     SSHHHH B S  SS        EEEEEETTEEEEE    SSHHHHHHHHHHHHHHHHHTTSTTS GGG S SSSSHHHHHHHHHHHHHSSHHHHHHSS S TT    HHHHHHHHHHHHTTTTTTHHHHHHHHHHHHHHHHTSS GGGHHHHHHHHHHHTT EE SS   TT  SGGGSHHHHTT   THHHHHHHHHHHHHHHHHHHTT  S GGG   TT SHHHHHHHHHHTTTTSS HHHHHHTTTS SS  SHHHHHHTHHHHHHHHHHTSSS  S BSS  TTTTS EEEEE HHHHT TT     HHHHHHHHHHHHHHHHHHHHHTS       GGGEEEE   SSSEEEEEEB SS TT B  HHHHHHHHHHSHHHHHHHHT  SSSEEETT           SS HHHHHHHHHHHHHHHHHHHHHHHHHH                                       ","Polypeptide(L)"
"6M17","E","3","RVQPTESIVRFPNITNLCPFGEVFNATRFASVYAWNRKRISNCVADYSVLYNSASFSTFKCYGVSPTKLNDLCFTNVYADSFVIRGDEVRQIAPGQTGKIADYNYKLPDDFTGCVIAWNSNNLDSKVGGNYNYLYRLFRKSNLKPFERDISTEIYQAGSTPCNGVEGFNCYFPLQSYGFQPTNGVGYQPYRVVVLSFELLHAPATVCGPKKSTNLVKNKCVNF","223","6M17","PDB","25122.30","RVQPTESIVRFPNITNLCPFGEVFNATRFASVYAWNRKRISNCVADYSVLYNSASFSTFKCYGVSPTKLNDLCFTNVYADSFVIRGDEVRQIAPGQTGKIADYNYKLPDDFTGCVIAWNSNNLDSKVGGNYNYLYRLFRKSNLKPFERDISTEIYQAGSTPCNGVEGFNCYFPLQSYGFQPTNGVGYQPYRVVVLSFELLHAPATVCGPKKSTNLVKNKCVNF#                  THHHHTS S    TTS   EEE SS     SSSSSTT SEEEE SS TT  SSS  S EEEEEEEEEGGGGGGTSSS  SSTTTSS    SS   EEEEEE  SSS  TTT    EEE   SS   TT           SS    SS  SS   SEEE    TTS TTTSEEEEEEEE                           ","Polypeptide(L)"
"6M17","F","3","RVQPTESIVRFPNITNLCPFGEVFNATRFASVYAWNRKRISNCVADYSVLYNSASFSTFKCYGVSPTKLNDLCFTNVYADSFVIRGDEVRQIAPGQTGKIADYNYKLPDDFTGCVIAWNSNNLDSKVGGNYNYLYRLFRKSNLKPFERDISTEIYQAGSTPCNGVEGFNCYFPLQSYGFQPTNGVGYQPYRVVVLSFELLHAPATVCGPKKSTNLVKNKCVNF","223","6M17","PDB","25122.30","RVQPTESIVRFPNITNLCPFGEVFNATRFASVYAWNRKRISNCVADYSVLYNSASFSTFKCYGVSPTKLNDLCFTNVYADSFVIRGDEVRQIAPGQTGKIADYNYKLPDDFTGCVIAWNSNNLDSKVGGNYNYLYRLFRKSNLKPFERDISTEIYQAGSTPCNGVEGFNCYFPLQSYGFQPTNGVGYQPYRVVVLSFELLHAPATVCGPKKSTNLVKNKCVNF#                  THHHHTS S    TTS   EEE SS     SSSSSTT SEEEE SS TT  SSS  S EEEEEEEEEGGGGGGTSSS  SSTTTSS    SS   EEEEEE  SSS  TTT    EEE   SS   TT           SS    SS  SS   SEEE    TTS TTTSEEEEEEEE                           ","Polypeptide(L)"
"6VSB","A","1","MFVFLVLLPLVSSQCVNLTTRTQLPPAYTNSFTRGVYYPDKVFRSSVLHSTQDLFLPFFSNVTWFHAIHVSGTNGTKRFDNPVLPFNDGVYFASTEKSNIIRGWIFGTTLDSKTQSLLIVNNATNVVIKVCEFQFCNDPFLGVYYHKNNKSWMESEFRVYSSANNCTFEYVSQPFLMDLEGKQGNFKNLREFVFKNIDGYFKIYSKHTPINLVRDLPQGFSALEPLVDLPIGINITRFQTLLALHRSYLTPGDSSSGWTAGAAAYYVGYLQPRTFLLKYNENGTITDAVDCALDPLSETKCTLKSFTVEKGIYQTSNFRVQPTESIVRFPNITNLCPFGEVFNATRFASVYAWNRKRISNCVADYSVLYNSASFSTFKCYGVSPTKLNDLCFTNVYADSFVIRGDEVRQIAPGQTGKIADYNYKLPDDFTGCVIAWNSNNLDSKVGGNYNYLYRLFRKSNLKPFERDISTEIYQAGSTPCNGVEGFNCYFPLQSYGFQPTNGVGYQPYRVVVLSFELLHAPATVCGPKKSTNLVKNKCVNFNFNGLTGTGVLTESNKKFLPFQQFGRDIADTTDAVRDPQTLEILDITPCSFGGVSVITPGTNTSNQVAVLYQDVNCTEVPVAIHADQLTPTWRVYSTGSNVFQTRAGCLIGAEHVNNSYECDIPIGAGICASYQTQTNSPGSASSVASQSIIAYTMSLGAENSVAYSNNSIAIPTNFTISVTTEILPVSMTKTSVDCTMYICGDSTECSNLLLQYGSFCTQLNRALTGIAVEQDKNTQEVFAQVKQIYKTPPIKDFGGFNFSQILPDPSKPSKRSFIEDLLFNKVTLADAGFIKQYGDCLGDIAARDLICAQKFNGLTVLPPLLTDEMIAQYTSALLAGTITSGWTFGAGAALQIPFAMQMAYRFNGIGVTQNVLYENQKLIANQFNSAIGKIQDSLSSTASALGKLQDVVNQNAQALNTLVKQLSSNFGAISSVLNDILSRLDPPEAEVQIDRLITGRLQSLQTYVTQQLIRAAEIRASANLAATKMSECVLGQSKRVDFCGKGYHLMSFPQSAPHGVVFLHVTYVPAQEKNFTTAPAICHDGKAHFPREGVFVSNGTHWFVTQRNFYEPQIITTDNTFVSGNCDVVIGIVNNTVYDPLQPELDSFKEELDKYFKNHTSPDVDLGDISGINASVVNIQKEIDRLNEVAKNLNESLIDLQELGKYEQGSGYIPEAPRDGQAYVRKDGEWVLLSTFLGRSLEVLFQGPGHHHHHHHHSAWSHPQFEKGGGSGGGGSGGSAWSHPQFEK","1288","6VSB","PDB","142399.00","MFVFLVLLPLVSSQCVNLTTRTQLPPAYTNSFTRGVYYPDKVFRSSVLHSTQDLFLPFFSNVTWFHAIHVSGTNGTKRFDNPVLPFNDGVYFASTEKSNIIRGWIFGTTLDSKTQSLLIVNNATNVVIKVCEFQFCNDPFLGVYYHKNNKSWMESEFRVYSSANNCTFEYVSQPFLMDLEGKQGNFKNLREFVFKNIDGYFKIYSKHTPINLVRDLPQGFSALEPLVDLPIGINITRFQTLLALHRSYLTPGDSSSGWTAGAAAYYVGYLQPRTFLLKYNENGTITDAVDCALDPLSETKCTLKSFTVEKGIYQTSNFRVQPTESIVRFPNITNLCPFGEVFNATRFASVYAWNRKRISNCVADYSVLYNSASFSTFKCYGVSPTKLNDLCFTNVYADSFVIRGDEVRQIAPGQTGKIADYNYKLPDDFTGCVIAWNSNNLDSKVGGNYNYLYRLFRKSNLKPFERDISTEIYQAGSTPCNGVEGFNCYFPLQSYGFQPTNGVGYQPYRVVVLSFELLHAPATVCGPKKSTNLVKNKCVNFNFNGLTGTGVLTESNKKFLPFQQFGRDIADTTDAVRDPQTLEILDITPCSFGGVSVITPGTNTSNQVAVLYQDVNCTEVPVAIHADQLTPTWRVYSTGSNVFQTRAGCLIGAEHVNNSYECDIPIGAGICASYQTQTNSPGSASSVASQSIIAYTMSLGAENSVAYSNNSIAIPTNFTISVTTEILPVSMTKTSVDCTMYICGDSTECSNLLLQYGSFCTQLNRALTGIAVEQDKNTQEVFAQVKQIYKTPPIKDFGGFNFSQILPDPSKPSKRSFIEDLLFNKVTLADAGFIKQYGDCLGDIAARDLICAQKFNGLTVLPPLLTDEMIAQYTSALLAGTITSGWTFGAGAALQIPFAMQMAYRFNGIGVTQNVLYENQKLIANQFNSAIGKIQDSLSSTASALGKLQDVVNQNAQALNTLVKQLSSNFGAISSVLNDILSRLDPPEAEVQIDRLITGRLQSLQTYVTQQLIRAAEIRASANLAATKMSECVLGQSKRVDFCGKGYHLMSFPQSAPHGVVFLHVTYVPAQEKNFTTAPAICHDGKAHFPREGVFVSNGTHWFVTQRNFYEPQIITTDNTFVSGNCDVVIGIVNNTVYDPLQPELDSFKEELDKYFKNHTSPDVDLGDISGINASVVNIQKEIDRLNEVAKNLNESLIDLQELGKYEQGSGYIPEAPRDGQAYVRKDGEWVLLSTFLGRSLEVLFQGPGHHHHHHHHSAWSHPQFEKGGGSGGGGSGGSAWSHPQFEK#                           EEEE S   B SSS B  SSEEEE  EE  TTEEEEEE                  B  TT EEEEE      EEEEEEESSSSTTS EEEEEE SS EEEE  B    SS                         BT   EEEES              EEEEEEEEEETTEEEEEEEEEE    SS   S   BEE    B       EEEEE                      EEEEE EE  EEEEE TTS EEEEEETTSSTTHHHHHHHT SS  SEEEEEEEEE    S             THHHHS S   BGGG EEEEE SEE  TTTTTSS S SEEEE SS GGGGGG EESEEEEEEEEE SGGGGGSSTT  SHHHHHT    SS  SEEEEEE TTTT         EE                                       EE         TTS EEEEEEEEE SSSS  EE          SSEEE   SS   EEEEEE  S   TT SEEESSTT EEEEE TTT  EEEEE   EEEEEEEES TTT    EEEE S  TT                       EE  TT  EES EE SS B  SSEEETTEE                 SSS EEEEB  SB       SSEEEEEEEEEEEEEEEEEE    EEEE HHHHHT S HHHHHHHGGGTTHHHHHHHHHHHHHHHHHHHHHHHH   SSB    SS  STT   TTTSB TT     BHHHHHHHTTS                             SSEEEE  SS HHHHHHHHHHHHHHHHHTGGGGGTSS     HHHHHHHHHHHHTS THHHHHTHHHHHHHHHHHHHHHHHHHHH TTTTHHHHHHHHHHHHHHHHHHHGGG  TTSS S HHHHHHTS HHHHHHHHHHHHHHHHHHHHHHHHHHHHHHHHHHHHHHHHHHHHHHHTSS   STTSSSSSEEEEEEEE  SSEEEEEEEEEEEEEEEEEE  S EEETTEEEEESSSEEEEETTEEEEE TTS      BGGGEEEEEESSSSTT EE   B THHHHT                                                                                                                                               ","Polypeptide(L)"
"6VSB","B","1","MFVFLVLLPLVSSQCVNLTTRTQLPPAYTNSFTRGVYYPDKVFRSSVLHSTQDLFLPFFSNVTWFHAIHVSGTNGTKRFDNPVLPFNDGVYFASTEKSNIIRGWIFGTTLDSKTQSLLIVNNATNVVIKVCEFQFCNDPFLGVYYHKNNKSWMESEFRVYSSANNCTFEYVSQPFLMDLEGKQGNFKNLREFVFKNIDGYFKIYSKHTPINLVRDLPQGFSALEPLVDLPIGINITRFQTLLALHRSYLTPGDSSSGWTAGAAAYYVGYLQPRTFLLKYNENGTITDAVDCALDPLSETKCTLKSFTVEKGIYQTSNFRVQPTESIVRFPNITNLCPFGEVFNATRFASVYAWNRKRISNCVADYSVLYNSASFSTFKCYGVSPTKLNDLCFTNVYADSFVIRGDEVRQIAPGQTGKIADYNYKLPDDFTGCVIAWNSNNLDSKVGGNYNYLYRLFRKSNLKPFERDISTEIYQAGSTPCNGVEGFNCYFPLQSYGFQPTNGVGYQPYRVVVLSFELLHAPATVCGPKKSTNLVKNKCVNFNFNGLTGTGVLTESNKKFLPFQQFGRDIADTTDAVRDPQTLEILDITPCSFGGVSVITPGTNTSNQVAVLYQDVNCTEVPVAIHADQLTPTWRVYSTGSNVFQTRAGCLIGAEHVNNSYECDIPIGAGICASYQTQTNSPGSASSVASQSIIAYTMSLGAENSVAYSNNSIAIPTNFTISVTTEILPVSMTKTSVDCTMYICGDSTECSNLLLQYGSFCTQLNRALTGIAVEQDKNTQEVFAQVKQIYKTPPIKDFGGFNFSQILPDPSKPSKRSFIEDLLFNKVTLADAGFIKQYGDCLGDIAARDLICAQKFNGLTVLPPLLTDEMIAQYTSALLAGTITSGWTFGAGAALQIPFAMQMAYRFNGIGVTQNVLYENQKLIANQFNSAIGKIQDSLSSTASALGKLQDVVNQNAQALNTLVKQLSSNFGAISSVLNDILSRLDPPEAEVQIDRLITGRLQSLQTYVTQQLIRAAEIRASANLAATKMSECVLGQSKRVDFCGKGYHLMSFPQSAPHGVVFLHVTYVPAQEKNFTTAPAICHDGKAHFPREGVFVSNGTHWFVTQRNFYEPQIITTDNTFVSGNCDVVIGIVNNTVYDPLQPELDSFKEELDKYFKNHTSPDVDLGDISGINASVVNIQKEIDRLNEVAKNLNESLIDLQELGKYEQGSGYIPEAPRDGQAYVRKDGEWVLLSTFLGRSLEVLFQGPGHHHHHHHHSAWSHPQFEKGGGSGGGGSGGSAWSHPQFEK","1288","6VSB","PDB","142399.00","MFVFLVLLPLVSSQCVNLTTRTQLPPAYTNSFTRGVYYPDKVFRSSVLHSTQDLFLPFFSNVTWFHAIHVSGTNGTKRFDNPVLPFNDGVYFASTEKSNIIRGWIFGTTLDSKTQSLLIVNNATNVVIKVCEFQFCNDPFLGVYYHKNNKSWMESEFRVYSSANNCTFEYVSQPFLMDLEGKQGNFKNLREFVFKNIDGYFKIYSKHTPINLVRDLPQGFSALEPLVDLPIGINITRFQTLLALHRSYLTPGDSSSGWTAGAAAYYVGYLQPRTFLLKYNENGTITDAVDCALDPLSETKCTLKSFTVEKGIYQTSNFRVQPTESIVRFPNITNLCPFGEVFNATRFASVYAWNRKRISNCVADYSVLYNSASFSTFKCYGVSPTKLNDLCFTNVYADSFVIRGDEVRQIAPGQTGKIADYNYKLPDDFTGCVIAWNSNNLDSKVGGNYNYLYRLFRKSNLKPFERDISTEIYQAGSTPCNGVEGFNCYFPLQSYGFQPTNGVGYQPYRVVVLSFELLHAPATVCGPKKSTNLVKNKCVNFNFNGLTGTGVLTESNKKFLPFQQFGRDIADTTDAVRDPQTLEILDITPCSFGGVSVITPGTNTSNQVAVLYQDVNCTEVPVAIHADQLTPTWRVYSTGSNVFQTRAGCLIGAEHVNNSYECDIPIGAGICASYQTQTNSPGSASSVASQSIIAYTMSLGAENSVAYSNNSIAIPTNFTISVTTEILPVSMTKTSVDCTMYICGDSTECSNLLLQYGSFCTQLNRALTGIAVEQDKNTQEVFAQVKQIYKTPPIKDFGGFNFSQILPDPSKPSKRSFIEDLLFNKVTLADAGFIKQYGDCLGDIAARDLICAQKFNGLTVLPPLLTDEMIAQYTSALLAGTITSGWTFGAGAALQIPFAMQMAYRFNGIGVTQNVLYENQKLIANQFNSAIGKIQDSLSSTASALGKLQDVVNQNAQALNTLVKQLSSNFGAISSVLNDILSRLDPPEAEVQIDRLITGRLQSLQTYVTQQLIRAAEIRASANLAATKMSECVLGQSKRVDFCGKGYHLMSFPQSAPHGVVFLHVTYVPAQEKNFTTAPAICHDGKAHFPREGVFVSNGTHWFVTQRNFYEPQIITTDNTFVSGNCDVVIGIVNNTVYDPLQPELDSFKEELDKYFKNHTSPDVDLGDISGINASVVNIQKEIDRLNEVAKNLNESLIDLQELGKYEQGSGYIPEAPRDGQAYVRKDGEWVLLSTFLGRSLEVLFQGPGHHHHHHHHSAWSHPQFEKGGGSGGGGSGGSAWSHPQFEK#                           EEEESS   B  SS    SEEEEEEEEE  TTEEEEEE                   B  S EEEEE   STT  B  EESSSSTTS EE  EE SSSEEEE  B    SS                         BT   EEEE                EEEEEEEEETTEEEEEEEEE          S   BEEEEEE       B                           EEE   EEEEEEEEE TTS EEEEEETTTSTTHHHHHHHT SS  SEEEEEEEEE   EEEEEE  S   B S HHHHT S    STT EEEEE SEE   HHHHT TT SEEEESSS GGGGGG  BSEEEEEEEEEESGGGGGSSTT  SHHHHHT    SS   EEEEEE TTT         EEE         SS                          S EEE        TTSEEEEEEEEEE SSSS  EE          SSEEEEEESS EEEEEEEE SS   TT SEEESSTT EEEEE TTT  EEEEE   EEEEEEEES TTT    EEEEETS TT                     S EEEETTEEEES EE  S B  SSEEETTEE                BTTB EEEEB  S        SSEEEEEEEEEEEEEEEEEE    EEEE HHHHHTSS HHHHHHHHTT SHHHHHHHHHHHHHHHHHHHHHHHH   SB     SS  STT   TTTSB TT     BHHHHHHTTS                             SSSEEEE  SS HHHHHHHHHHHHHHHHHTGGGGGTSS     HHHHHHHHHHHHT  THHHHHTHHHHHHHHHHHHHHHHHHHHHSSSTTHHHHHHHHHHHHHHHHHHHGGG  TTSS S HHHHHHHS HHHHHHHHHHHHHHHHHHHHHHHHHHHHHHHHHHHHHHHHHHHHHHHTSS   STTSSSSSEEEEEEEE  SSEEEEEEEEEEEEEEEEEEEES EEETTEEE  SSSEEEESSS EEEEETTEEEEE  BGGGS EEEETTS TT EE   B THHHH                                                                                                                                                ","Polypeptide(L)"
"6VSB","C","1","MFVFLVLLPLVSSQCVNLTTRTQLPPAYTNSFTRGVYYPDKVFRSSVLHSTQDLFLPFFSNVTWFHAIHVSGTNGTKRFDNPVLPFNDGVYFASTEKSNIIRGWIFGTTLDSKTQSLLIVNNATNVVIKVCEFQFCNDPFLGVYYHKNNKSWMESEFRVYSSANNCTFEYVSQPFLMDLEGKQGNFKNLREFVFKNIDGYFKIYSKHTPINLVRDLPQGFSALEPLVDLPIGINITRFQTLLALHRSYLTPGDSSSGWTAGAAAYYVGYLQPRTFLLKYNENGTITDAVDCALDPLSETKCTLKSFTVEKGIYQTSNFRVQPTESIVRFPNITNLCPFGEVFNATRFASVYAWNRKRISNCVADYSVLYNSASFSTFKCYGVSPTKLNDLCFTNVYADSFVIRGDEVRQIAPGQTGKIADYNYKLPDDFTGCVIAWNSNNLDSKVGGNYNYLYRLFRKSNLKPFERDISTEIYQAGSTPCNGVEGFNCYFPLQSYGFQPTNGVGYQPYRVVVLSFELLHAPATVCGPKKSTNLVKNKCVNFNFNGLTGTGVLTESNKKFLPFQQFGRDIADTTDAVRDPQTLEILDITPCSFGGVSVITPGTNTSNQVAVLYQDVNCTEVPVAIHADQLTPTWRVYSTGSNVFQTRAGCLIGAEHVNNSYECDIPIGAGICASYQTQTNSPGSASSVASQSIIAYTMSLGAENSVAYSNNSIAIPTNFTISVTTEILPVSMTKTSVDCTMYICGDSTECSNLLLQYGSFCTQLNRALTGIAVEQDKNTQEVFAQVKQIYKTPPIKDFGGFNFSQILPDPSKPSKRSFIEDLLFNKVTLADAGFIKQYGDCLGDIAARDLICAQKFNGLTVLPPLLTDEMIAQYTSALLAGTITSGWTFGAGAALQIPFAMQMAYRFNGIGVTQNVLYENQKLIANQFNSAIGKIQDSLSSTASALGKLQDVVNQNAQALNTLVKQLSSNFGAISSVLNDILSRLDPPEAEVQIDRLITGRLQSLQTYVTQQLIRAAEIRASANLAATKMSECVLGQSKRVDFCGKGYHLMSFPQSAPHGVVFLHVTYVPAQEKNFTTAPAICHDGKAHFPREGVFVSNGTHWFVTQRNFYEPQIITTDNTFVSGNCDVVIGIVNNTVYDPLQPELDSFKEELDKYFKNHTSPDVDLGDISGINASVVNIQKEIDRLNEVAKNLNESLIDLQELGKYEQGSGYIPEAPRDGQAYVRKDGEWVLLSTFLGRSLEVLFQGPGHHHHHHHHSAWSHPQFEKGGGSGGGGSGGSAWSHPQFEK","1288","6VSB","PDB","142399.00","MFVFLVLLPLVSSQCVNLTTRTQLPPAYTNSFTRGVYYPDKVFRSSVLHSTQDLFLPFFSNVTWFHAIHVSGTNGTKRFDNPVLPFNDGVYFASTEKSNIIRGWIFGTTLDSKTQSLLIVNNATNVVIKVCEFQFCNDPFLGVYYHKNNKSWMESEFRVYSSANNCTFEYVSQPFLMDLEGKQGNFKNLREFVFKNIDGYFKIYSKHTPINLVRDLPQGFSALEPLVDLPIGINITRFQTLLALHRSYLTPGDSSSGWTAGAAAYYVGYLQPRTFLLKYNENGTITDAVDCALDPLSETKCTLKSFTVEKGIYQTSNFRVQPTESIVRFPNITNLCPFGEVFNATRFASVYAWNRKRISNCVADYSVLYNSASFSTFKCYGVSPTKLNDLCFTNVYADSFVIRGDEVRQIAPGQTGKIADYNYKLPDDFTGCVIAWNSNNLDSKVGGNYNYLYRLFRKSNLKPFERDISTEIYQAGSTPCNGVEGFNCYFPLQSYGFQPTNGVGYQPYRVVVLSFELLHAPATVCGPKKSTNLVKNKCVNFNFNGLTGTGVLTESNKKFLPFQQFGRDIADTTDAVRDPQTLEILDITPCSFGGVSVITPGTNTSNQVAVLYQDVNCTEVPVAIHADQLTPTWRVYSTGSNVFQTRAGCLIGAEHVNNSYECDIPIGAGICASYQTQTNSPGSASSVASQSIIAYTMSLGAENSVAYSNNSIAIPTNFTISVTTEILPVSMTKTSVDCTMYICGDSTECSNLLLQYGSFCTQLNRALTGIAVEQDKNTQEVFAQVKQIYKTPPIKDFGGFNFSQILPDPSKPSKRSFIEDLLFNKVTLADAGFIKQYGDCLGDIAARDLICAQKFNGLTVLPPLLTDEMIAQYTSALLAGTITSGWTFGAGAALQIPFAMQMAYRFNGIGVTQNVLYENQKLIANQFNSAIGKIQDSLSSTASALGKLQDVVNQNAQALNTLVKQLSSNFGAISSVLNDILSRLDPPEAEVQIDRLITGRLQSLQTYVTQQLIRAAEIRASANLAATKMSECVLGQSKRVDFCGKGYHLMSFPQSAPHGVVFLHVTYVPAQEKNFTTAPAICHDGKAHFPREGVFVSNGTHWFVTQRNFYEPQIITTDNTFVSGNCDVVIGIVNNTVYDPLQPELDSFKEELDKYFKNHTSPDVDLGDISGINASVVNIQKEIDRLNEVAKNLNESLIDLQELGKYEQGSGYIPEAPRDGQAYVRKDGEWVLLSTFLGRSLEVLFQGPGHHHHHHHHSAWSHPQFEKGGGSGGGGSGGSAWSHPQFEK#                            EEE S     SSS B  S EEEEEEEE  TTEEE  B                  B  TT EEEEE         EEEESSSSSSS EEEEEE SSSEEEE       SS                   TT    TT   EEEE               EEEEEEEEEETTEEEEEEEEEE    SS   S    EEEE  B      EEEE                        EEE   EEEEEEEEE TTS EEEEEETTT HHHHHHHHHTSS   SEEEEEEEEE    S   B  S   B   HHHHS S   BGGG EEEEE SEE   HHHHHSTT SEEEEESS GGGGGG  BSEEEEEEEEEESGGGGGSSTT  SHHHHHT    SS EEEEEEEE TTTT        EEE         SS                          S EEE        TT EEEEEEEEEE SSSS  EE         SSSEEEEEETTEEEEEEEEE  S   TT   BBSSTT B EEE TTT  EEEEE   EEEEEEEES SSS S  EEEEET  TT                       EEE SSEEEES EE SS B  SSEEETTEE                 SSS EEEEB  S B      SSEEEEEEEEEEEEEEEEEE    EEEE HHHHHTSS HHHHHHHGGG SHHHHHHHHHHHHHHHHHHHHHHHH   SS     SS  STT   TTTSB TT     BHHHHHHHTT                              SSEEEE  SS HHHHHHHHHHHHHHHHHTGGGTTTSS     HHHHHHHHHHHHT  THHHHHTHHHHHHHHHHHHHHHHHHHHHSSSTTHHHHHHHHHHHHHHHHHHHGGG  TTSS S HHHHHHTS HHHHHHHHHHHHHHHHHHHHHHHHHHHHHHHHHHHHHHHHHHHHHHHTSS   STTSSSSSEEEEEEEE  SSEEEEEEEEEEEEEEEEEEEES EEETTEEEEESSSEEEE SS EEEE TTS      BTTTEEEEEESSSSTT EE   B TTGGG                                                                                                                                                ","Polypeptide(L)"
"6VW1","A","1","STIEEQAKTFLDKFNHEAEDLFYQSSLASWNYNTNITEENVQNMNNAGDKWSAFLKEQSTLAQMYPLQEIQNLTVKLQLQALQQNGSSVLSEDKSKRLNTILNTMSTIYSTGKVCNPDNPQECLLLEPGLNEIMANSLDYNERLWAWESWRSEVGKQLRPLYEEYVVLKNEMARANHYEDYGDYWRGDYEVNGVDGYDYSRGQLIEDVEHTFEEIKPLYEHLHAYVRAKLMNAYPSYISPIGCLPAHLLGDMWGRFWTNLYSLTVPFGQKPNIDVTDAMVDQAWDAQRIFKEAEKFFVSVGLPNMTQGFWENSMLTDPGNVQKAVCHPTAWDLGKGDFRILMCTKVTMDDFLTAHHEMGHIQYDMAYAAQPFLLRNGANEGFHEAVGEIMSLSAATPKHLKSIGLLSPDFQEDNETEINFLLKQALTIVGTLPFTYMLEKWRWMVFKGEIPKDQWMKKWWEMKREIVGVVEPVPHDETYCDPASLFHVSNDYSFIRYYTRTLYQFQFQEALCQAAKHEGPLHKCDISNSTEAGQKLFNMLRLGKSEPWTLALENVVGAKNMNVRPLLNYFEPLFTWLKDQNKNSFVGWSTDWSPYAD","597","Q9BYF1","UniProt","69153.70","STIEEQAKTFLDKFNHEAEDLFYQSSLASWNYNTNITEENVQNMNNAGDKWSAFLKEQSTLAQMYPLQEIQNLTVKLQLQALQQNGSSVLSEDKSKRLNTILNTMSTIYSTGKVCNPDNPQECLLLEPGLNEIMANSLDYNERLWAWESWRSEVGKQLRPLYEEYVVLKNEMARANHYEDYGDYWRGDYEVNGVDGYDYSRGQLIEDVEHTFEEIKPLYEHLHAYVRAKLMNAYPSYISPIGCLPAHLLGDMWGRFWTNLYSLTVPFGQKPNIDVTDAMVDQAWDAQRIFKEAEKFFVSVGLPNMTQGFWENSMLTDPGNVQKAVCHPTAWDLGKGDFRILMCTKVTMDDFLTAHHEMGHIQYDMAYAAQPFLLRNGANEGFHEAVGEIMSLSAATPKHLKSIGLLSPDFQEDNETEINFLLKQALTIVGTLPFTYMLEKWRWMVFKGEIPKDQWMKKWWEMKREIVGVVEPVPHDETYCDPASLFHVSNDYSFIRYYTRTLYQFQFQEALCQAAKHEGPLHKCDISNSTEAGQKLFNMLRLGKSEPWTLALENVVGAKNMNVRPLLNYFEPLFTWLKDQNKNSFVGWSTDWSPYAD#  HHHHHHHHHHHHHHHHHHHHHHHHHHHHHHHTS  HHHHHHHHHHHHHHHHHHHHHHHHHTTS GGG   HHHHHHHHHHH  GGGGS HHHHHHHHHHHHHHHHHHHH EEE SSSTT EEETTTHHHHHHHH   HHHHHHHHHHHHHHHHHHHHHHHHHHHHHHHHHHHHTT SSHHHHHHGGG B SSTTT B TTHHHHHHHHHHHHHHHHHHHHHHHHHHHHHHHSTTTS TTB EEGGGSSSSSSS  GGGHHHH TTTTS     HHHHHHTT  HHHHHHHHHHHHHTTT     HHHHHH B S   SSS    S EEEEEETTEEEEE    SSHHHHHHHHHHHHHHHHHHHTTTS GGG S SSTTHHHHHHHHHHHHHHSHHHHHHHTSS TT    HHHHHHHHHHHHHHHTTTHHHHHHHHHHHHHHHHT S GGGHHHHHHHHHHHHH EE SS   TT  GGGGSHHHHTT  SHHHHHHHHHHHHHHHHHHHHTT  S GGG   TT HHHHHHHHHHHTTTTSS HHHHHHHHHS SS  SHHHHHHHHHHHHHHHHHTTTS  S BSS  S   ","Polypeptide(L)"
"6VW1","B","1","STIEEQAKTFLDKFNHEAEDLFYQSSLASWNYNTNITEENVQNMNNAGDKWSAFLKEQSTLAQMYPLQEIQNLTVKLQLQALQQNGSSVLSEDKSKRLNTILNTMSTIYSTGKVCNPDNPQECLLLEPGLNEIMANSLDYNERLWAWESWRSEVGKQLRPLYEEYVVLKNEMARANHYEDYGDYWRGDYEVNGVDGYDYSRGQLIEDVEHTFEEIKPLYEHLHAYVRAKLMNAYPSYISPIGCLPAHLLGDMWGRFWTNLYSLTVPFGQKPNIDVTDAMVDQAWDAQRIFKEAEKFFVSVGLPNMTQGFWENSMLTDPGNVQKAVCHPTAWDLGKGDFRILMCTKVTMDDFLTAHHEMGHIQYDMAYAAQPFLLRNGANEGFHEAVGEIMSLSAATPKHLKSIGLLSPDFQEDNETEINFLLKQALTIVGTLPFTYMLEKWRWMVFKGEIPKDQWMKKWWEMKREIVGVVEPVPHDETYCDPASLFHVSNDYSFIRYYTRTLYQFQFQEALCQAAKHEGPLHKCDISNSTEAGQKLFNMLRLGKSEPWTLALENVVGAKNMNVRPLLNYFEPLFTWLKDQNKNSFVGWSTDWSPYAD","597","Q9BYF1","UniProt","69153.70","STIEEQAKTFLDKFNHEAEDLFYQSSLASWNYNTNITEENVQNMNNAGDKWSAFLKEQSTLAQMYPLQEIQNLTVKLQLQALQQNGSSVLSEDKSKRLNTILNTMSTIYSTGKVCNPDNPQECLLLEPGLNEIMANSLDYNERLWAWESWRSEVGKQLRPLYEEYVVLKNEMARANHYEDYGDYWRGDYEVNGVDGYDYSRGQLIEDVEHTFEEIKPLYEHLHAYVRAKLMNAYPSYISPIGCLPAHLLGDMWGRFWTNLYSLTVPFGQKPNIDVTDAMVDQAWDAQRIFKEAEKFFVSVGLPNMTQGFWENSMLTDPGNVQKAVCHPTAWDLGKGDFRILMCTKVTMDDFLTAHHEMGHIQYDMAYAAQPFLLRNGANEGFHEAVGEIMSLSAATPKHLKSIGLLSPDFQEDNETEINFLLKQALTIVGTLPFTYMLEKWRWMVFKGEIPKDQWMKKWWEMKREIVGVVEPVPHDETYCDPASLFHVSNDYSFIRYYTRTLYQFQFQEALCQAAKHEGPLHKCDISNSTEAGQKLFNMLRLGKSEPWTLALENVVGAKNMNVRPLLNYFEPLFTWLKDQNKNSFVGWSTDWSPYAD#  HHHHHHHHHHHHHHHHHHHHHHHHHHHHHHHTS  HHHHHHHHHHHHHHHHHHHHHHHHHTTS GGG   HHHHHHHHHHH  GGGGS HHHHHHHHHHHHHHHHHHHH EEE SSSTT EEETTTHHHHHHHH   HHHHHHHHHHHHHHHHHHHHHHHHHHHHHHHHHHHHTT SSHHHHHHGGG B SSTT  B TTHHHHHHHHHHHHHHHHHHHHHHHHHHHHHHHSTTTS TTB EEGGGSSSSS S  GGGHHHH TTTTS  S THHHHHHTT  HHHHHHHHHHHHHHTT     HHHHHH B S   SSS    S EEEEEETTEEEEE    SSHHHHHHHHHHHHHHHHHHHTTTS GGG S SSTTHHHHHHHHHHHHHHSHHHHHHHTSS TT    HHHHHHHHHHHHHHHTTHHHHHHHHHHHHHHHHHT S GGGHHHHHHHHHHHHH EE SS   TT  GGGGSHHHHTT   HHHHHHHHHHHHHHHHHHHHTT  S GGG   TT HHHHHHHHHHHTTTTSS HHHHHHHHHS SS  SHHHHHHHHHHHHHHHHHTTTS  S BSS  TT  ","Polypeptide(L)"
"6VW1","E","2","RVVPSGDVVRFPNITNLCPFGEVFNATKFPSVYAWERKKISNCVADYSVLYNSTFFSTFKCYGVSATKLNDLCFSNVYADSFVVKGDDVRQIAPGQTGVIADYNYKLPDDFMGCVLAWNTRNIDATSTGNYNYKYRLFRKSNLKPFERDISTEIYQAGSTPCNGVEGFNCYFPLQSYGFQPTNGVGYQPYRVVVLSFELLNAPATVCGPKLSTDLIK","217","6VW1","PDB","24329.50","RVVPSGDVVRFPNITNLCPFGEVFNATKFPSVYAWERKKISNCVADYSVLYNSTFFSTFKCYGVSATKLNDLCFSNVYADSFVVKGDDVRQIAPGQTGVIADYNYKLPDDFMGCVLAWNTRNIDATSTGNYNYKYRLFRKSNLKPFERDISTEIYQAGSTPCNGVEGFNCYFPLQSYGFQPTNGVGYQPYRVVVLSFELLNAPATVCGPKLSTDLIK#                B  THHHHS S   BGGG EEEEE SSB   HHHHS    S  EEESS SSTTTT  BSEEEEEEEEEEGGGGGGSSTT  SHHHHHT    TT  EEEEEEE HHHH  SS B   EEE   SS   TT        EE SSS  TT  BTTEE SEEE  B TTS GGGSEEEEEEEEEE  S    B           ","Polypeptide(L)"
"6VW1","F","2","RVVPSGDVVRFPNITNLCPFGEVFNATKFPSVYAWERKKISNCVADYSVLYNSTFFSTFKCYGVSATKLNDLCFSNVYADSFVVKGDDVRQIAPGQTGVIADYNYKLPDDFMGCVLAWNTRNIDATSTGNYNYKYRLFRKSNLKPFERDISTEIYQAGSTPCNGVEGFNCYFPLQSYGFQPTNGVGYQPYRVVVLSFELLNAPATVCGPKLSTDLIK","217","6VW1","PDB","24329.50","RVVPSGDVVRFPNITNLCPFGEVFNATKFPSVYAWERKKISNCVADYSVLYNSTFFSTFKCYGVSATKLNDLCFSNVYADSFVVKGDDVRQIAPGQTGVIADYNYKLPDDFMGCVLAWNTRNIDATSTGNYNYKYRLFRKSNLKPFERDISTEIYQAGSTPCNGVEGFNCYFPLQSYGFQPTNGVGYQPYRVVVLSFELLNAPATVCGPKLSTDLIK#                B   HHHHS S   BGGG EEEEE SEE  THHHHS    S  EE SS TTGGGG EES EEEEEEEEEGGGGGGSSTT  SHHHHHT    TT  EEEEEEE HHHH  SS B   EEE   SS   TT        EE SSS   SS TTTEE SEEE  B TTS GGGSEEEEEEEEE        EE          ","Polypeptide(L)"
"6VWW","A","1","MHHHHHHSSGVDLGTENLYFQSNAMSLENVAFNVVNKGHFDGQQGEVPVSIINNTVYTKVDGVDVELFENKTTLPVNVAFELWAKRNIKPVPEVKILNNLGVDIAANTVIWDYKRDAPAHISTIGVCSMTDIAKKPTETICAPLTVFFDGRVDGQVDLFRNARNGVLITEGSVKGLQPSVGPKQASLNGVTLIGEAVKTQFNYYKKVDGVVQQLPETYFTQSRNLQEFKPRSQMEIDFLELAMDEFIERYKLEGYAFEHIVYGDFSHSQLGGLHLLIGLAKRFKESPFELEDFIPMDSTVKNYFITDAQTGSSKCVCSVIDLLLDDFVEIIKSQDLSVVSKVVKVTIDYTEISFMLWCKDGHVETFYPKLQ","371","6VWW","PDB","41728.30","MHHHHHHSSGVDLGTENLYFQSNAMSLENVAFNVVNKGHFDGQQGEVPVSIINNTVYTKVDGVDVELFENKTTLPVNVAFELWAKRNIKPVPEVKILNNLGVDIAANTVIWDYKRDAPAHISTIGVCSMTDIAKKPTETICAPLTVFFDGRVDGQVDLFRNARNGVLITEGSVKGLQPSVGPKQASLNGVTLIGEAVKTQFNYYKKVDGVVQQLPETYFTQSRNLQEFKPRSQMEIDFLELAMDEFIERYKLEGYAFEHIVYGDFSHSQLGGLHLLIGLAKRFKESPFELEDFIPMDSTVKNYFITDAQTGSSKCVCSVIDLLLDDFVEIIKSQDLSVVSKVVKVTIDYTEISFMLWCKDGHVETFYPKLQ#                          HHHHHHHHHHHSS         EEEETTEEEEEETTEEEEEEE  SSS HHHHHHHHHTB  S B  HHHHHHTT  EESSSB EETTTTEESSS EESS TTTEEESSTTSGGGTTS EEEETTSTTHHHHHHT SSEEEEESS  TT   EE  S EEETTEEE  SSS    EEEEEETTEEE     B      STT    SHHHHHHHHS HHHHHHHTT TTS HHHHTS B SSSB B   BHHHHHHHHHHS EEEE SS S  SSEEEEEEETTT  EEEEEEEB   HHHHHHHHTTS  SSSEEEEEEEETTEEEEEEEEEETTEEEEEEE   ","Polypeptide(L)"
"6VWW","B","1","MHHHHHHSSGVDLGTENLYFQSNAMSLENVAFNVVNKGHFDGQQGEVPVSIINNTVYTKVDGVDVELFENKTTLPVNVAFELWAKRNIKPVPEVKILNNLGVDIAANTVIWDYKRDAPAHISTIGVCSMTDIAKKPTETICAPLTVFFDGRVDGQVDLFRNARNGVLITEGSVKGLQPSVGPKQASLNGVTLIGEAVKTQFNYYKKVDGVVQQLPETYFTQSRNLQEFKPRSQMEIDFLELAMDEFIERYKLEGYAFEHIVYGDFSHSQLGGLHLLIGLAKRFKESPFELEDFIPMDSTVKNYFITDAQTGSSKCVCSVIDLLLDDFVEIIKSQDLSVVSKVVKVTIDYTEISFMLWCKDGHVETFYPKLQ","371","6VWW","PDB","41728.30","MHHHHHHSSGVDLGTENLYFQSNAMSLENVAFNVVNKGHFDGQQGEVPVSIINNTVYTKVDGVDVELFENKTTLPVNVAFELWAKRNIKPVPEVKILNNLGVDIAANTVIWDYKRDAPAHISTIGVCSMTDIAKKPTETICAPLTVFFDGRVDGQVDLFRNARNGVLITEGSVKGLQPSVGPKQASLNGVTLIGEAVKTQFNYYKKVDGVVQQLPETYFTQSRNLQEFKPRSQMEIDFLELAMDEFIERYKLEGYAFEHIVYGDFSHSQLGGLHLLIGLAKRFKESPFELEDFIPMDSTVKNYFITDAQTGSSKCVCSVIDLLLDDFVEIIKSQDLSVVSKVVKVTIDYTEISFMLWCKDGHVETFYPKLQ#                          HHHHHHHHHHHSS         EEEETTEEEEEETTEEEEEEE  SSS HHHHHHHHHTB  S B  HHHHHHTT  EESSSB EETTTTEESSS EESS TTTEEESSTTSGGGTTSEEEEETTSTTHHHHHHH SEEEEEESS  TT   EE  S EEETTEEE  SSS    EEEEEETTEEE     B      STT    SHHHHHHHHS HHHHHHHTT TTS HHHHTS B SSSB B   BHHHHHHHHHHS EEEE SS S  SSEEEEEEETTT  EEEEEEEB   HHHHHHHHTTS  SSSEEEEEEEETTEEEEEEEEEETTEEEEEEE   ","Polypeptide(L)"
"6VXX","A","1","MGILPSPGMPALLSLVSLLSVLLMGCVAETGTQCVNLTTRTQLPPAYTNSFTRGVYYPDKVFRSSVLHSTQDLFLPFFSNVTWFHAIHVSGTNGTKRFDNPVLPFNDGVYFASTEKSNIIRGWIFGTTLDSKTQSLLIVNNATNVVIKVCEFQFCNDPFLGVYYHKNNKSWMESEFRVYSSANNCTFEYVSQPFLMDLEGKQGNFKNLREFVFKNIDGYFKIYSKHTPINLVRDLPQGFSALEPLVDLPIGINITRFQTLLALHRSYLTPGDSSSGWTAGAAAYYVGYLQPRTFLLKYNENGTITDAVDCALDPLSETKCTLKSFTVEKGIYQTSNFRVQPTESIVRFPNITNLCPFGEVFNATRFASVYAWNRKRISNCVADYSVLYNSASFSTFKCYGVSPTKLNDLCFTNVYADSFVIRGDEVRQIAPGQTGKIADYNYKLPDDFTGCVIAWNSNNLDSKVGGNYNYLYRLFRKSNLKPFERDISTEIYQAGSTPCNGVEGFNCYFPLQSYGFQPTNGVGYQPYRVVVLSFELLHAPATVCGPKKSTNLVKNKCVNFNFNGLTGTGVLTESNKKFLPFQQFGRDIADTTDAVRDPQTLEILDITPCSFGGVSVITPGTNTSNQVAVLYQDVNCTEVPVAIHADQLTPTWRVYSTGSNVFQTRAGCLIGAEHVNNSYECDIPIGAGICASYQTQTNSPSGAGSVASQSIIAYTMSLGAENSVAYSNNSIAIPTNFTISVTTEILPVSMTKTSVDCTMYICGDSTECSNLLLQYGSFCTQLNRALTGIAVEQDKNTQEVFAQVKQIYKTPPIKDFGGFNFSQILPDPSKPSKRSFIEDLLFNKVTLADAGFIKQYGDCLGDIAARDLICAQKFNGLTVLPPLLTDEMIAQYTSALLAGTITSGWTFGAGAALQIPFAMQMAYRFNGIGVTQNVLYENQKLIANQFNSAIGKIQDSLSSTASALGKLQDVVNQNAQALNTLVKQLSSNFGAISSVLNDILSRLDPPEAEVQIDRLITGRLQSLQTYVTQQLIRAAEIRASANLAATKMSECVLGQSKRVDFCGKGYHLMSFPQSAPHGVVFLHVTYVPAQEKNFTTAPAICHDGKAHFPREGVFVSNGTHWFVTQRNFYEPQIITTDNTFVSGNCDVVIGIVNNTVYDPLQPELDSFKEELDKYFKNHTSPDVDLGDISGINASVVNIQKEIDRLNEVAKNLNESLIDLQELGKYEQYIKGSGRENLYFQGGGGSGYIPEAPRDGQAYVRKDGEWVLLSTFLGHHHHHHHH","1281","6VXX","PDB","141533.00","MGILPSPGMPALLSLVSLLSVLLMGCVAETGTQCVNLTTRTQLPPAYTNSFTRGVYYPDKVFRSSVLHSTQDLFLPFFSNVTWFHAIHVSGTNGTKRFDNPVLPFNDGVYFASTEKSNIIRGWIFGTTLDSKTQSLLIVNNATNVVIKVCEFQFCNDPFLGVYYHKNNKSWMESEFRVYSSANNCTFEYVSQPFLMDLEGKQGNFKNLREFVFKNIDGYFKIYSKHTPINLVRDLPQGFSALEPLVDLPIGINITRFQTLLALHRSYLTPGDSSSGWTAGAAAYYVGYLQPRTFLLKYNENGTITDAVDCALDPLSETKCTLKSFTVEKGIYQTSNFRVQPTESIVRFPNITNLCPFGEVFNATRFASVYAWNRKRISNCVADYSVLYNSASFSTFKCYGVSPTKLNDLCFTNVYADSFVIRGDEVRQIAPGQTGKIADYNYKLPDDFTGCVIAWNSNNLDSKVGGNYNYLYRLFRKSNLKPFERDISTEIYQAGSTPCNGVEGFNCYFPLQSYGFQPTNGVGYQPYRVVVLSFELLHAPATVCGPKKSTNLVKNKCVNFNFNGLTGTGVLTESNKKFLPFQQFGRDIADTTDAVRDPQTLEILDITPCSFGGVSVITPGTNTSNQVAVLYQDVNCTEVPVAIHADQLTPTWRVYSTGSNVFQTRAGCLIGAEHVNNSYECDIPIGAGICASYQTQTNSPSGAGSVASQSIIAYTMSLGAENSVAYSNNSIAIPTNFTISVTTEILPVSMTKTSVDCTMYICGDSTECSNLLLQYGSFCTQLNRALTGIAVEQDKNTQEVFAQVKQIYKTPPIKDFGGFNFSQILPDPSKPSKRSFIEDLLFNKVTLADAGFIKQYGDCLGDIAARDLICAQKFNGLTVLPPLLTDEMIAQYTSALLAGTITSGWTFGAGAALQIPFAMQMAYRFNGIGVTQNVLYENQKLIANQFNSAIGKIQDSLSSTASALGKLQDVVNQNAQALNTLVKQLSSNFGAISSVLNDILSRLDPPEAEVQIDRLITGRLQSLQTYVTQQLIRAAEIRASANLAATKMSECVLGQSKRVDFCGKGYHLMSFPQSAPHGVVFLHVTYVPAQEKNFTTAPAICHDGKAHFPREGVFVSNGTHWFVTQRNFYEPQIITTDNTFVSGNCDVVIGIVNNTVYDPLQPELDSFKEELDKYFKNHTSPDVDLGDISGINASVVNIQKEIDRLNEVAKNLNESLIDLQELGKYEQYIKGSGRENLYFQGGGGSGYIPEAPRDGQAYVRKDGEWVLLSTFLGHHHHHHHH#                                              EEE TT   B SSSEE  SEEEEEEEEE  TT EEEEE                 EEE TT EEEEEEESS  EEEEEEESS SSSS  EEEEEETTEEEEE S     SS  EE                          EEE                EEEEEEEEEETTEEEEEEEEEE   SSS   S   BEEEEEEE      EEEEEEEE                    EEEEE EEEEEEEEE TTS EEEEEETTS HHHHHHHHTTSS   SEEEEEEEEE    SEEEE      B   HHHHT S   BGGG EEEEE SEE  HHHHHH TT SEEEESSS TTSTTT  BSEEEEEEEEEEGGGGGGSSTT  STTTTTT    TT  EEEEEEE TTTT     EEEEEE         TT                          S EEEEE TT   TTSEEEEEEEEEE SSS   EE S        SSEEEEEETTEEEEEEEEE      TT  EEE TTS EEEEE SSS  EEEEE   EEEEEEEE  TTT    EEEEET  TTT                      EEEETTEEEES EE SS    SEEEETTEEEEEE               EEEEEE   SEE      TTEEEEEEEEEEEEEEEEEE    EEEE HHHHHSTT HHHHHHHGGGGGGTHHHHHHHHHHHHHHHHHHHHHH   SEE    SS  STT   TTTSB TTSSS  BHHHHHHHTT                              SSEEEE  SS HHHHHHHHHHHHHHHHHHTTHHHHSS     HHHHHHHHHHTTT  THHHHHTHHHHHHHHHHHHHHHHHHHHH GGGGHHHHHHHHHHHHHHHHHHHGGG  TTSS S HHHHHTTS HHHHHHHHHHHHHHHHHHHHHHHHHHHHHHHHHHHHHHHHHHHHHHHTSS   STTTTSSSEEEEEEEEEETTEEEEEEEEEEEEEEEEEEEES EESSSEEEEESSSEEEESSS EEEE TTS   EE BTTTEEEEEETTTSTT EE   B TTHHHHH                                                                                                                    ","Polypeptide(L)"
"6VXX","B","1","MGILPSPGMPALLSLVSLLSVLLMGCVAETGTQCVNLTTRTQLPPAYTNSFTRGVYYPDKVFRSSVLHSTQDLFLPFFSNVTWFHAIHVSGTNGTKRFDNPVLPFNDGVYFASTEKSNIIRGWIFGTTLDSKTQSLLIVNNATNVVIKVCEFQFCNDPFLGVYYHKNNKSWMESEFRVYSSANNCTFEYVSQPFLMDLEGKQGNFKNLREFVFKNIDGYFKIYSKHTPINLVRDLPQGFSALEPLVDLPIGINITRFQTLLALHRSYLTPGDSSSGWTAGAAAYYVGYLQPRTFLLKYNENGTITDAVDCALDPLSETKCTLKSFTVEKGIYQTSNFRVQPTESIVRFPNITNLCPFGEVFNATRFASVYAWNRKRISNCVADYSVLYNSASFSTFKCYGVSPTKLNDLCFTNVYADSFVIRGDEVRQIAPGQTGKIADYNYKLPDDFTGCVIAWNSNNLDSKVGGNYNYLYRLFRKSNLKPFERDISTEIYQAGSTPCNGVEGFNCYFPLQSYGFQPTNGVGYQPYRVVVLSFELLHAPATVCGPKKSTNLVKNKCVNFNFNGLTGTGVLTESNKKFLPFQQFGRDIADTTDAVRDPQTLEILDITPCSFGGVSVITPGTNTSNQVAVLYQDVNCTEVPVAIHADQLTPTWRVYSTGSNVFQTRAGCLIGAEHVNNSYECDIPIGAGICASYQTQTNSPSGAGSVASQSIIAYTMSLGAENSVAYSNNSIAIPTNFTISVTTEILPVSMTKTSVDCTMYICGDSTECSNLLLQYGSFCTQLNRALTGIAVEQDKNTQEVFAQVKQIYKTPPIKDFGGFNFSQILPDPSKPSKRSFIEDLLFNKVTLADAGFIKQYGDCLGDIAARDLICAQKFNGLTVLPPLLTDEMIAQYTSALLAGTITSGWTFGAGAALQIPFAMQMAYRFNGIGVTQNVLYENQKLIANQFNSAIGKIQDSLSSTASALGKLQDVVNQNAQALNTLVKQLSSNFGAISSVLNDILSRLDPPEAEVQIDRLITGRLQSLQTYVTQQLIRAAEIRASANLAATKMSECVLGQSKRVDFCGKGYHLMSFPQSAPHGVVFLHVTYVPAQEKNFTTAPAICHDGKAHFPREGVFVSNGTHWFVTQRNFYEPQIITTDNTFVSGNCDVVIGIVNNTVYDPLQPELDSFKEELDKYFKNHTSPDVDLGDISGINASVVNIQKEIDRLNEVAKNLNESLIDLQELGKYEQYIKGSGRENLYFQGGGGSGYIPEAPRDGQAYVRKDGEWVLLSTFLGHHHHHHHH","1281","6VXX","PDB","141533.00","MGILPSPGMPALLSLVSLLSVLLMGCVAETGTQCVNLTTRTQLPPAYTNSFTRGVYYPDKVFRSSVLHSTQDLFLPFFSNVTWFHAIHVSGTNGTKRFDNPVLPFNDGVYFASTEKSNIIRGWIFGTTLDSKTQSLLIVNNATNVVIKVCEFQFCNDPFLGVYYHKNNKSWMESEFRVYSSANNCTFEYVSQPFLMDLEGKQGNFKNLREFVFKNIDGYFKIYSKHTPINLVRDLPQGFSALEPLVDLPIGINITRFQTLLALHRSYLTPGDSSSGWTAGAAAYYVGYLQPRTFLLKYNENGTITDAVDCALDPLSETKCTLKSFTVEKGIYQTSNFRVQPTESIVRFPNITNLCPFGEVFNATRFASVYAWNRKRISNCVADYSVLYNSASFSTFKCYGVSPTKLNDLCFTNVYADSFVIRGDEVRQIAPGQTGKIADYNYKLPDDFTGCVIAWNSNNLDSKVGGNYNYLYRLFRKSNLKPFERDISTEIYQAGSTPCNGVEGFNCYFPLQSYGFQPTNGVGYQPYRVVVLSFELLHAPATVCGPKKSTNLVKNKCVNFNFNGLTGTGVLTESNKKFLPFQQFGRDIADTTDAVRDPQTLEILDITPCSFGGVSVITPGTNTSNQVAVLYQDVNCTEVPVAIHADQLTPTWRVYSTGSNVFQTRAGCLIGAEHVNNSYECDIPIGAGICASYQTQTNSPSGAGSVASQSIIAYTMSLGAENSVAYSNNSIAIPTNFTISVTTEILPVSMTKTSVDCTMYICGDSTECSNLLLQYGSFCTQLNRALTGIAVEQDKNTQEVFAQVKQIYKTPPIKDFGGFNFSQILPDPSKPSKRSFIEDLLFNKVTLADAGFIKQYGDCLGDIAARDLICAQKFNGLTVLPPLLTDEMIAQYTSALLAGTITSGWTFGAGAALQIPFAMQMAYRFNGIGVTQNVLYENQKLIANQFNSAIGKIQDSLSSTASALGKLQDVVNQNAQALNTLVKQLSSNFGAISSVLNDILSRLDPPEAEVQIDRLITGRLQSLQTYVTQQLIRAAEIRASANLAATKMSECVLGQSKRVDFCGKGYHLMSFPQSAPHGVVFLHVTYVPAQEKNFTTAPAICHDGKAHFPREGVFVSNGTHWFVTQRNFYEPQIITTDNTFVSGNCDVVIGIVNNTVYDPLQPELDSFKEELDKYFKNHTSPDVDLGDISGINASVVNIQKEIDRLNEVAKNLNESLIDLQELGKYEQYIKGSGRENLYFQGGGGSGYIPEAPRDGQAYVRKDGEWVLLSTFLGHHHHHHHH#                                              EEE TT   B SSSEE  SEEEEEEEEE  TT EEEEE                 EEE TT EEEEEEESS  EEEEEEESS SSSS  EEEEEETTEEEEE S     SS  EE                          EEE                EEEEEEEEEETTEEEEEEEEEE   SSS   S   BEEEEEEE      EEEEEEEE                    EEEEE EEEEEEEEE TTS EEEEEETTS HHHHHHHHTTSS   SEEEEEEEEE    SEEEE      B   HHHHT S   BGGG EEEEE SEE  HHHHHH TT SEEEESSS TTSTTT  BSEEEEEEEEEEGGGGGGSSTT  STTTTTT    TT  EEEEEEE TTTT     EEEEEE         TT                          S EEEEE TT   TTSEEEEEEEEEE SSS   EE S        SSEEEEEETTEEEEEEEEE      TT  EEE TTS EEEEE SSS  EEEEE   EEEEEEEE  TTT    EEEEET  TTT                      EEEETTEEEES EE SS    SEEEETTEEEEEE               EEEEEE   SEE      TTEEEEEEEEEEEEEEEEEE    EEEE HHHHHSTT HHHHHHHGGGGGGTHHHHHHHHHHHHHHHHHHHHHH   SEE    SS  STT   TTTSB TTSSS  BHHHHHHHTT                              SSEEEE  SS HHHHHHHHHHHHHHHHHHTTHHHHSS     HHHHHHHHHHTTT  THHHHHTHHHHHHHHHHHHHHHHHHHHH GGGGHHHHHHHHHHHHHHHHHHHGGG  TTSS S HHHHHTTS HHHHHHHHHHHHHHHHHHHHHHHHHHHHHHHHHHHHHHHHHHHHHHHTSS   STTTTSSSEEEEEEEEEETTEEEEEEEEEEEEEEEEEEEES EESSSEEEEESSSEEEESSS EEEE TTS   EE BTTTEEEEEETTTSTT EE   B TTHHHHH                                                                                                                    ","Polypeptide(L)"
"6VXX","C","1","MGILPSPGMPALLSLVSLLSVLLMGCVAETGTQCVNLTTRTQLPPAYTNSFTRGVYYPDKVFRSSVLHSTQDLFLPFFSNVTWFHAIHVSGTNGTKRFDNPVLPFNDGVYFASTEKSNIIRGWIFGTTLDSKTQSLLIVNNATNVVIKVCEFQFCNDPFLGVYYHKNNKSWMESEFRVYSSANNCTFEYVSQPFLMDLEGKQGNFKNLREFVFKNIDGYFKIYSKHTPINLVRDLPQGFSALEPLVDLPIGINITRFQTLLALHRSYLTPGDSSSGWTAGAAAYYVGYLQPRTFLLKYNENGTITDAVDCALDPLSETKCTLKSFTVEKGIYQTSNFRVQPTESIVRFPNITNLCPFGEVFNATRFASVYAWNRKRISNCVADYSVLYNSASFSTFKCYGVSPTKLNDLCFTNVYADSFVIRGDEVRQIAPGQTGKIADYNYKLPDDFTGCVIAWNSNNLDSKVGGNYNYLYRLFRKSNLKPFERDISTEIYQAGSTPCNGVEGFNCYFPLQSYGFQPTNGVGYQPYRVVVLSFELLHAPATVCGPKKSTNLVKNKCVNFNFNGLTGTGVLTESNKKFLPFQQFGRDIADTTDAVRDPQTLEILDITPCSFGGVSVITPGTNTSNQVAVLYQDVNCTEVPVAIHADQLTPTWRVYSTGSNVFQTRAGCLIGAEHVNNSYECDIPIGAGICASYQTQTNSPSGAGSVASQSIIAYTMSLGAENSVAYSNNSIAIPTNFTISVTTEILPVSMTKTSVDCTMYICGDSTECSNLLLQYGSFCTQLNRALTGIAVEQDKNTQEVFAQVKQIYKTPPIKDFGGFNFSQILPDPSKPSKRSFIEDLLFNKVTLADAGFIKQYGDCLGDIAARDLICAQKFNGLTVLPPLLTDEMIAQYTSALLAGTITSGWTFGAGAALQIPFAMQMAYRFNGIGVTQNVLYENQKLIANQFNSAIGKIQDSLSSTASALGKLQDVVNQNAQALNTLVKQLSSNFGAISSVLNDILSRLDPPEAEVQIDRLITGRLQSLQTYVTQQLIRAAEIRASANLAATKMSECVLGQSKRVDFCGKGYHLMSFPQSAPHGVVFLHVTYVPAQEKNFTTAPAICHDGKAHFPREGVFVSNGTHWFVTQRNFYEPQIITTDNTFVSGNCDVVIGIVNNTVYDPLQPELDSFKEELDKYFKNHTSPDVDLGDISGINASVVNIQKEIDRLNEVAKNLNESLIDLQELGKYEQYIKGSGRENLYFQGGGGSGYIPEAPRDGQAYVRKDGEWVLLSTFLGHHHHHHHH","1281","6VXX","PDB","141533.00","MGILPSPGMPALLSLVSLLSVLLMGCVAETGTQCVNLTTRTQLPPAYTNSFTRGVYYPDKVFRSSVLHSTQDLFLPFFSNVTWFHAIHVSGTNGTKRFDNPVLPFNDGVYFASTEKSNIIRGWIFGTTLDSKTQSLLIVNNATNVVIKVCEFQFCNDPFLGVYYHKNNKSWMESEFRVYSSANNCTFEYVSQPFLMDLEGKQGNFKNLREFVFKNIDGYFKIYSKHTPINLVRDLPQGFSALEPLVDLPIGINITRFQTLLALHRSYLTPGDSSSGWTAGAAAYYVGYLQPRTFLLKYNENGTITDAVDCALDPLSETKCTLKSFTVEKGIYQTSNFRVQPTESIVRFPNITNLCPFGEVFNATRFASVYAWNRKRISNCVADYSVLYNSASFSTFKCYGVSPTKLNDLCFTNVYADSFVIRGDEVRQIAPGQTGKIADYNYKLPDDFTGCVIAWNSNNLDSKVGGNYNYLYRLFRKSNLKPFERDISTEIYQAGSTPCNGVEGFNCYFPLQSYGFQPTNGVGYQPYRVVVLSFELLHAPATVCGPKKSTNLVKNKCVNFNFNGLTGTGVLTESNKKFLPFQQFGRDIADTTDAVRDPQTLEILDITPCSFGGVSVITPGTNTSNQVAVLYQDVNCTEVPVAIHADQLTPTWRVYSTGSNVFQTRAGCLIGAEHVNNSYECDIPIGAGICASYQTQTNSPSGAGSVASQSIIAYTMSLGAENSVAYSNNSIAIPTNFTISVTTEILPVSMTKTSVDCTMYICGDSTECSNLLLQYGSFCTQLNRALTGIAVEQDKNTQEVFAQVKQIYKTPPIKDFGGFNFSQILPDPSKPSKRSFIEDLLFNKVTLADAGFIKQYGDCLGDIAARDLICAQKFNGLTVLPPLLTDEMIAQYTSALLAGTITSGWTFGAGAALQIPFAMQMAYRFNGIGVTQNVLYENQKLIANQFNSAIGKIQDSLSSTASALGKLQDVVNQNAQALNTLVKQLSSNFGAISSVLNDILSRLDPPEAEVQIDRLITGRLQSLQTYVTQQLIRAAEIRASANLAATKMSECVLGQSKRVDFCGKGYHLMSFPQSAPHGVVFLHVTYVPAQEKNFTTAPAICHDGKAHFPREGVFVSNGTHWFVTQRNFYEPQIITTDNTFVSGNCDVVIGIVNNTVYDPLQPELDSFKEELDKYFKNHTSPDVDLGDISGINASVVNIQKEIDRLNEVAKNLNESLIDLQELGKYEQYIKGSGRENLYFQGGGGSGYIPEAPRDGQAYVRKDGEWVLLSTFLGHHHHHHHH#                                              EEE TT   B SSSEE  SEEEEEEEEE  TT EEEEE                 EEE TT EEEEEEESS  EEEEEEESS SSSS  EEEEEETTEEEEE S     SS  EE                          EEE                EEEEEEEEEETTEEEEEEEEEE   SSS   S   BEEEEEEE      EEEEEEEE                    EEEEE EEEEEEEEE TTS EEEEEETTS HHHHHHHHTTSS   SEEEEEEEEE    SEEEE      B   HHHHT S   BGGG EEEEE SEE  HHHHHH TT SEEEESSS TTSTTT  BSEEEEEEEEEEGGGGGGSSTT  STTTTTT    TT  EEEEEEE TTTT     EEEEEE         TT                          S EEEEE TT   TTSEEEEEEEEEE SSS   EE S        SSEEEEEETTEEEEEEEEE      TT  EEE TTS EEEEE SSS  EEEEE   EEEEEEEE  TTT    EEEEET  TTT                      EEEETTEEEES EE SS    SEEEETTEEEEEE               EEEEEE   SEE      TTEEEEEEEEEEEEEEEEEE    EEEE HHHHHSTT HHHHHHHGGGGGGTHHHHHHHHHHHHHHHHHHHHHH   SEE    SS  STT   TTTSB TTSSS  BHHHHHHHTT                              SSEEEE  SS HHHHHHHHHHHHHHHHHHTTHHHHSS     HHHHHHHHHHTTT  THHHHHTHHHHHHHHHHHHHHHHHHHHH GGGGHHHHHHHHHHHHHHHHHHHGGG  TTSS S HHHHHTTS HHHHHHHHHHHHHHHHHHHHHHHHHHHHHHHHHHHHHHHHHHHHHHHTSS   STTTTSSSEEEEEEEEEETTEEEEEEEEEEEEEEEEEEEES EESSSEEEEESSSEEEESSS EEEE TTS   EE BTTTEEEEEETTTSTT EE   B TTHHHHH                                                                                                                    ","Polypeptide(L)"
"6VYB","A","1","MGILPSPGMPALLSLVSLLSVLLMGCVAETGTQCVNLTTRTQLPPAYTNSFTRGVYYPDKVFRSSVLHSTQDLFLPFFSNVTWFHAIHVSGTNGTKRFDNPVLPFNDGVYFASTEKSNIIRGWIFGTTLDSKTQSLLIVNNATNVVIKVCEFQFCNDPFLGVYYHKNNKSWMESEFRVYSSANNCTFEYVSQPFLMDLEGKQGNFKNLREFVFKNIDGYFKIYSKHTPINLVRDLPQGFSALEPLVDLPIGINITRFQTLLALHRSYLTPGDSSSGWTAGAAAYYVGYLQPRTFLLKYNENGTITDAVDCALDPLSETKCTLKSFTVEKGIYQTSNFRVQPTESIVRFPNITNLCPFGEVFNATRFASVYAWNRKRISNCVADYSVLYNSASFSTFKCYGVSPTKLNDLCFTNVYADSFVIRGDEVRQIAPGQTGKIADYNYKLPDDFTGCVIAWNSNNLDSKVGGNYNYLYRLFRKSNLKPFERDISTEIYQAGSTPCNGVEGFNCYFPLQSYGFQPTNGVGYQPYRVVVLSFELLHAPATVCGPKKSTNLVKNKCVNFNFNGLTGTGVLTESNKKFLPFQQFGRDIADTTDAVRDPQTLEILDITPCSFGGVSVITPGTNTSNEVAVLYQDVNCTEVPVAIHADQLTPTWRVYSTGSNVFQTRAGCLIGAEHVNNSYECDIPIGAGICASYQTQTNSPSGAGSVASQSIIAYTMSLGAENSVAYSNNSIAIPTNFTISVTTEILPVSMTKTSVDCTMYICGDSTECSNLLLQYGSFCTQLNRALTGIAVEQDKNTQEVFAQVKQIYKTPPIKDFGGFNFSQILPDPSKPSKRSFIEDLLFNKVTLADAGFIKQYGDCLGDIAARDLICAQKFNGLTVLPPLLTDEMIAQYTSALLAGTITSGWTFGAGAALQIPFAMQMAYRFNGIGVTQNVLYENQKLIANQFNSAIGKIQDSLSSTASALGKLQDVVNQNAQALNTLVKQLSSNFGAISSVLNDILSRLDPPEAEVQIDRLITGRLQSLQTYVTQQLIRAAEIRASANLAATKMSECVLGQSKRVDFCGKGYHLMSFPQSAPHGVVFLHVTYVPAQEKNFTTAPAICHDGKAHFPREGVFVSNGTHWFVTQRNFYEPQIITTDNTFVSGNCDVVIGIVNNTVYDPLQPELDSFKEELDKYFKNHTSPDVDLGDISGINASVVNIQKEIDRLNEVAKNLNESLIDLQELGKYEQYIKGSGRENLYFQGGGGSGYIPEAPRDGQAYVRKDGEWVLLSTFLGHHHHHHHH","1281","6VYB","PDB","141534.00","MGILPSPGMPALLSLVSLLSVLLMGCVAETGTQCVNLTTRTQLPPAYTNSFTRGVYYPDKVFRSSVLHSTQDLFLPFFSNVTWFHAIHVSGTNGTKRFDNPVLPFNDGVYFASTEKSNIIRGWIFGTTLDSKTQSLLIVNNATNVVIKVCEFQFCNDPFLGVYYHKNNKSWMESEFRVYSSANNCTFEYVSQPFLMDLEGKQGNFKNLREFVFKNIDGYFKIYSKHTPINLVRDLPQGFSALEPLVDLPIGINITRFQTLLALHRSYLTPGDSSSGWTAGAAAYYVGYLQPRTFLLKYNENGTITDAVDCALDPLSETKCTLKSFTVEKGIYQTSNFRVQPTESIVRFPNITNLCPFGEVFNATRFASVYAWNRKRISNCVADYSVLYNSASFSTFKCYGVSPTKLNDLCFTNVYADSFVIRGDEVRQIAPGQTGKIADYNYKLPDDFTGCVIAWNSNNLDSKVGGNYNYLYRLFRKSNLKPFERDISTEIYQAGSTPCNGVEGFNCYFPLQSYGFQPTNGVGYQPYRVVVLSFELLHAPATVCGPKKSTNLVKNKCVNFNFNGLTGTGVLTESNKKFLPFQQFGRDIADTTDAVRDPQTLEILDITPCSFGGVSVITPGTNTSNEVAVLYQDVNCTEVPVAIHADQLTPTWRVYSTGSNVFQTRAGCLIGAEHVNNSYECDIPIGAGICASYQTQTNSPSGAGSVASQSIIAYTMSLGAENSVAYSNNSIAIPTNFTISVTTEILPVSMTKTSVDCTMYICGDSTECSNLLLQYGSFCTQLNRALTGIAVEQDKNTQEVFAQVKQIYKTPPIKDFGGFNFSQILPDPSKPSKRSFIEDLLFNKVTLADAGFIKQYGDCLGDIAARDLICAQKFNGLTVLPPLLTDEMIAQYTSALLAGTITSGWTFGAGAALQIPFAMQMAYRFNGIGVTQNVLYENQKLIANQFNSAIGKIQDSLSSTASALGKLQDVVNQNAQALNTLVKQLSSNFGAISSVLNDILSRLDPPEAEVQIDRLITGRLQSLQTYVTQQLIRAAEIRASANLAATKMSECVLGQSKRVDFCGKGYHLMSFPQSAPHGVVFLHVTYVPAQEKNFTTAPAICHDGKAHFPREGVFVSNGTHWFVTQRNFYEPQIITTDNTFVSGNCDVVIGIVNNTVYDPLQPELDSFKEELDKYFKNHTSPDVDLGDISGINASVVNIQKEIDRLNEVAKNLNESLIDLQELGKYEQYIKGSGRENLYFQGGGGSGYIPEAPRDGQAYVRKDGEWVLLSTFLGHHHHHHHH#                                              EEE TT   B SSS B  SEEEEEEEEE  TT EEEEE                 EEE TT EEEEEEESS    EEEEESS S     EEEEEETTEEEEE       SS                              EEE                EEEEEEEEEETTEEEEEEEEEE   SSSS S    BEEEEEEE     SEEEEE                       EEEEE EEEEEEEEE TTS EEEEEETTSSHHHHHHHHTT S   SEEEEEEEEE    EEEEE      B   HHHHS S   BSTT EEEEE SEE  HHHHHH TT SEEEESSS TTSTTT EESEEEEEEEEEEGGGGGGSSTT  SHHHHHT    TT  EEEEEEE TTT          EEE   SS   TT                           EEE    TT   TTSEEEEEEEEEE   SS  EE S        SSEEEEEETTEEEEEEEEE      TT  EEE TTSSEEEEE SSSS EEEEE   EEEEEEEE  TTT    EEEEET  TTT                      EEEETTEEEESSEE SS    SEEEETTEEEEEE               EEEEEE    EE      TTEEEEEEEEEEEEEEEEEE    EEEE HHHHHSTT HHHHHHHGGGTTTTHHHHHHHHHHHHHHHHHHHHHH   SEE    SS  STT   TTTS  TT      HHHHHHHTT                               SEEEE  SS HHHHHHHHHHHHHHHHHHTTHHHHSS     HHHHHHHHHHTTT  THHHHHTHHHHHHHHHHHHHHHHHHHHH GGGGHHHHHHHHHHHHHHHHHHHGGG  TTSS S HHHHHHH  HHHHHHHHHHHHHHHHHHHHHHHHHHHHHHHHHHHHHHHHHHHHHHHTSS   STBTTBSSEEEEEEEEEETTEEEEEEEEEEEEEEEEEEEES EESSSEEEEESSSEEEESSS EEEE TTS   EE BTTTEEEEEETTTSTT EE   B THHHHHH                                                                                                                    ","Polypeptide(L)"
"6VYB","B","1","MGILPSPGMPALLSLVSLLSVLLMGCVAETGTQCVNLTTRTQLPPAYTNSFTRGVYYPDKVFRSSVLHSTQDLFLPFFSNVTWFHAIHVSGTNGTKRFDNPVLPFNDGVYFASTEKSNIIRGWIFGTTLDSKTQSLLIVNNATNVVIKVCEFQFCNDPFLGVYYHKNNKSWMESEFRVYSSANNCTFEYVSQPFLMDLEGKQGNFKNLREFVFKNIDGYFKIYSKHTPINLVRDLPQGFSALEPLVDLPIGINITRFQTLLALHRSYLTPGDSSSGWTAGAAAYYVGYLQPRTFLLKYNENGTITDAVDCALDPLSETKCTLKSFTVEKGIYQTSNFRVQPTESIVRFPNITNLCPFGEVFNATRFASVYAWNRKRISNCVADYSVLYNSASFSTFKCYGVSPTKLNDLCFTNVYADSFVIRGDEVRQIAPGQTGKIADYNYKLPDDFTGCVIAWNSNNLDSKVGGNYNYLYRLFRKSNLKPFERDISTEIYQAGSTPCNGVEGFNCYFPLQSYGFQPTNGVGYQPYRVVVLSFELLHAPATVCGPKKSTNLVKNKCVNFNFNGLTGTGVLTESNKKFLPFQQFGRDIADTTDAVRDPQTLEILDITPCSFGGVSVITPGTNTSNEVAVLYQDVNCTEVPVAIHADQLTPTWRVYSTGSNVFQTRAGCLIGAEHVNNSYECDIPIGAGICASYQTQTNSPSGAGSVASQSIIAYTMSLGAENSVAYSNNSIAIPTNFTISVTTEILPVSMTKTSVDCTMYICGDSTECSNLLLQYGSFCTQLNRALTGIAVEQDKNTQEVFAQVKQIYKTPPIKDFGGFNFSQILPDPSKPSKRSFIEDLLFNKVTLADAGFIKQYGDCLGDIAARDLICAQKFNGLTVLPPLLTDEMIAQYTSALLAGTITSGWTFGAGAALQIPFAMQMAYRFNGIGVTQNVLYENQKLIANQFNSAIGKIQDSLSSTASALGKLQDVVNQNAQALNTLVKQLSSNFGAISSVLNDILSRLDPPEAEVQIDRLITGRLQSLQTYVTQQLIRAAEIRASANLAATKMSECVLGQSKRVDFCGKGYHLMSFPQSAPHGVVFLHVTYVPAQEKNFTTAPAICHDGKAHFPREGVFVSNGTHWFVTQRNFYEPQIITTDNTFVSGNCDVVIGIVNNTVYDPLQPELDSFKEELDKYFKNHTSPDVDLGDISGINASVVNIQKEIDRLNEVAKNLNESLIDLQELGKYEQYIKGSGRENLYFQGGGGSGYIPEAPRDGQAYVRKDGEWVLLSTFLGHHHHHHHH","1281","6VYB","PDB","141534.00","MGILPSPGMPALLSLVSLLSVLLMGCVAETGTQCVNLTTRTQLPPAYTNSFTRGVYYPDKVFRSSVLHSTQDLFLPFFSNVTWFHAIHVSGTNGTKRFDNPVLPFNDGVYFASTEKSNIIRGWIFGTTLDSKTQSLLIVNNATNVVIKVCEFQFCNDPFLGVYYHKNNKSWMESEFRVYSSANNCTFEYVSQPFLMDLEGKQGNFKNLREFVFKNIDGYFKIYSKHTPINLVRDLPQGFSALEPLVDLPIGINITRFQTLLALHRSYLTPGDSSSGWTAGAAAYYVGYLQPRTFLLKYNENGTITDAVDCALDPLSETKCTLKSFTVEKGIYQTSNFRVQPTESIVRFPNITNLCPFGEVFNATRFASVYAWNRKRISNCVADYSVLYNSASFSTFKCYGVSPTKLNDLCFTNVYADSFVIRGDEVRQIAPGQTGKIADYNYKLPDDFTGCVIAWNSNNLDSKVGGNYNYLYRLFRKSNLKPFERDISTEIYQAGSTPCNGVEGFNCYFPLQSYGFQPTNGVGYQPYRVVVLSFELLHAPATVCGPKKSTNLVKNKCVNFNFNGLTGTGVLTESNKKFLPFQQFGRDIADTTDAVRDPQTLEILDITPCSFGGVSVITPGTNTSNEVAVLYQDVNCTEVPVAIHADQLTPTWRVYSTGSNVFQTRAGCLIGAEHVNNSYECDIPIGAGICASYQTQTNSPSGAGSVASQSIIAYTMSLGAENSVAYSNNSIAIPTNFTISVTTEILPVSMTKTSVDCTMYICGDSTECSNLLLQYGSFCTQLNRALTGIAVEQDKNTQEVFAQVKQIYKTPPIKDFGGFNFSQILPDPSKPSKRSFIEDLLFNKVTLADAGFIKQYGDCLGDIAARDLICAQKFNGLTVLPPLLTDEMIAQYTSALLAGTITSGWTFGAGAALQIPFAMQMAYRFNGIGVTQNVLYENQKLIANQFNSAIGKIQDSLSSTASALGKLQDVVNQNAQALNTLVKQLSSNFGAISSVLNDILSRLDPPEAEVQIDRLITGRLQSLQTYVTQQLIRAAEIRASANLAATKMSECVLGQSKRVDFCGKGYHLMSFPQSAPHGVVFLHVTYVPAQEKNFTTAPAICHDGKAHFPREGVFVSNGTHWFVTQRNFYEPQIITTDNTFVSGNCDVVIGIVNNTVYDPLQPELDSFKEELDKYFKNHTSPDVDLGDISGINASVVNIQKEIDRLNEVAKNLNESLIDLQELGKYEQYIKGSGRENLYFQGGGGSGYIPEAPRDGQAYVRKDGEWVLLSTFLGHHHHHHHH#                                              EEE TT  EE SSSEE  SEEEEEEEEE  TT EEEEE                 EEE TTEEEEEEEESS    EEEEESS SSSS  EEEEEETTEEEEE       SS                              EEE                EEEEEEEE     EEEEEEEEE            EEEEEEEETT    SEEEEE                      EEEEEE EEEEEEEEE TTS EEEEEETTS HHHHHHHHTT S   SEEEEEEEEE    SEEEE S    B  GGGTSS S   BSTT EEEEE SEE   HHHHH TT SEEEESSS TTSTTT EES EEEEEEEEEGGGGGGSSTT  SHHHHHT    TT  EEEEEEE TTTT  TT B   EE         TT                            EE  B TTS GGGSEEEEEEEE         EE          SSEEEEEETTEEEEEEEEE      TT  EEE TTS EEEEE SSS  EEEEE   EEEEEEEE  TTT    EEEEET  TTT                      EEEETTEEEES EE SS    SEEEETTEEEEEE               EEEEEE     EEE    TTEEEEEEEEEEEEEEEEEE    EEEE HHHHHSTT HHHHHHHGGGTTHHHHHHHHHHHHHHHHHHHHHHHH   SEE    S   SSS   TTTS  TT      HHHHHHHTT                              SSEEEE  SS HHHHHHHHHHHHHHHHHHTTHHHHSS     HHHHHHHHHHTTT  HHHHHHTHHHHHHHHHHHHHHHHHHHHH GGGGHHHHHHHHHHHHHHHHHHHGGG  TTSS S HHHHHTTS HHHHHHHHHHHHHHHHHHHHHHHHHHHHHHHHHHHHHHHHHHHHHHHTSS    TTTSSSSEEEEEEEEEETTEEEEEEEEEEEEEEEEEEEES EESSSEEEEESSSEEEESSS EEEE TTS   EE BTTTEEEEEETTTSTT EE   B THHHHHH                                                                                                                    ","Polypeptide(L)"
"6VYB","C","1","MGILPSPGMPALLSLVSLLSVLLMGCVAETGTQCVNLTTRTQLPPAYTNSFTRGVYYPDKVFRSSVLHSTQDLFLPFFSNVTWFHAIHVSGTNGTKRFDNPVLPFNDGVYFASTEKSNIIRGWIFGTTLDSKTQSLLIVNNATNVVIKVCEFQFCNDPFLGVYYHKNNKSWMESEFRVYSSANNCTFEYVSQPFLMDLEGKQGNFKNLREFVFKNIDGYFKIYSKHTPINLVRDLPQGFSALEPLVDLPIGINITRFQTLLALHRSYLTPGDSSSGWTAGAAAYYVGYLQPRTFLLKYNENGTITDAVDCALDPLSETKCTLKSFTVEKGIYQTSNFRVQPTESIVRFPNITNLCPFGEVFNATRFASVYAWNRKRISNCVADYSVLYNSASFSTFKCYGVSPTKLNDLCFTNVYADSFVIRGDEVRQIAPGQTGKIADYNYKLPDDFTGCVIAWNSNNLDSKVGGNYNYLYRLFRKSNLKPFERDISTEIYQAGSTPCNGVEGFNCYFPLQSYGFQPTNGVGYQPYRVVVLSFELLHAPATVCGPKKSTNLVKNKCVNFNFNGLTGTGVLTESNKKFLPFQQFGRDIADTTDAVRDPQTLEILDITPCSFGGVSVITPGTNTSNEVAVLYQDVNCTEVPVAIHADQLTPTWRVYSTGSNVFQTRAGCLIGAEHVNNSYECDIPIGAGICASYQTQTNSPSGAGSVASQSIIAYTMSLGAENSVAYSNNSIAIPTNFTISVTTEILPVSMTKTSVDCTMYICGDSTECSNLLLQYGSFCTQLNRALTGIAVEQDKNTQEVFAQVKQIYKTPPIKDFGGFNFSQILPDPSKPSKRSFIEDLLFNKVTLADAGFIKQYGDCLGDIAARDLICAQKFNGLTVLPPLLTDEMIAQYTSALLAGTITSGWTFGAGAALQIPFAMQMAYRFNGIGVTQNVLYENQKLIANQFNSAIGKIQDSLSSTASALGKLQDVVNQNAQALNTLVKQLSSNFGAISSVLNDILSRLDPPEAEVQIDRLITGRLQSLQTYVTQQLIRAAEIRASANLAATKMSECVLGQSKRVDFCGKGYHLMSFPQSAPHGVVFLHVTYVPAQEKNFTTAPAICHDGKAHFPREGVFVSNGTHWFVTQRNFYEPQIITTDNTFVSGNCDVVIGIVNNTVYDPLQPELDSFKEELDKYFKNHTSPDVDLGDISGINASVVNIQKEIDRLNEVAKNLNESLIDLQELGKYEQYIKGSGRENLYFQGGGGSGYIPEAPRDGQAYVRKDGEWVLLSTFLGHHHHHHHH","1281","6VYB","PDB","141534.00","MGILPSPGMPALLSLVSLLSVLLMGCVAETGTQCVNLTTRTQLPPAYTNSFTRGVYYPDKVFRSSVLHSTQDLFLPFFSNVTWFHAIHVSGTNGTKRFDNPVLPFNDGVYFASTEKSNIIRGWIFGTTLDSKTQSLLIVNNATNVVIKVCEFQFCNDPFLGVYYHKNNKSWMESEFRVYSSANNCTFEYVSQPFLMDLEGKQGNFKNLREFVFKNIDGYFKIYSKHTPINLVRDLPQGFSALEPLVDLPIGINITRFQTLLALHRSYLTPGDSSSGWTAGAAAYYVGYLQPRTFLLKYNENGTITDAVDCALDPLSETKCTLKSFTVEKGIYQTSNFRVQPTESIVRFPNITNLCPFGEVFNATRFASVYAWNRKRISNCVADYSVLYNSASFSTFKCYGVSPTKLNDLCFTNVYADSFVIRGDEVRQIAPGQTGKIADYNYKLPDDFTGCVIAWNSNNLDSKVGGNYNYLYRLFRKSNLKPFERDISTEIYQAGSTPCNGVEGFNCYFPLQSYGFQPTNGVGYQPYRVVVLSFELLHAPATVCGPKKSTNLVKNKCVNFNFNGLTGTGVLTESNKKFLPFQQFGRDIADTTDAVRDPQTLEILDITPCSFGGVSVITPGTNTSNEVAVLYQDVNCTEVPVAIHADQLTPTWRVYSTGSNVFQTRAGCLIGAEHVNNSYECDIPIGAGICASYQTQTNSPSGAGSVASQSIIAYTMSLGAENSVAYSNNSIAIPTNFTISVTTEILPVSMTKTSVDCTMYICGDSTECSNLLLQYGSFCTQLNRALTGIAVEQDKNTQEVFAQVKQIYKTPPIKDFGGFNFSQILPDPSKPSKRSFIEDLLFNKVTLADAGFIKQYGDCLGDIAARDLICAQKFNGLTVLPPLLTDEMIAQYTSALLAGTITSGWTFGAGAALQIPFAMQMAYRFNGIGVTQNVLYENQKLIANQFNSAIGKIQDSLSSTASALGKLQDVVNQNAQALNTLVKQLSSNFGAISSVLNDILSRLDPPEAEVQIDRLITGRLQSLQTYVTQQLIRAAEIRASANLAATKMSECVLGQSKRVDFCGKGYHLMSFPQSAPHGVVFLHVTYVPAQEKNFTTAPAICHDGKAHFPREGVFVSNGTHWFVTQRNFYEPQIITTDNTFVSGNCDVVIGIVNNTVYDPLQPELDSFKEELDKYFKNHTSPDVDLGDISGINASVVNIQKEIDRLNEVAKNLNESLIDLQELGKYEQYIKGSGRENLYFQGGGGSGYIPEAPRDGQAYVRKDGEWVLLSTFLGHHHHHHHH#                                              EEE TT  EE SSSEE  SEEEEEEEEE  TT EEEEE                 EEE TT EEEEEEESS    EEEEESS SSSS  EEEEEETTEEEEE       SS                            S EEE                EEEEEEEEEETTEEEEEEEEEE   SSS      EEEEEEEEE      EEEEE                       EEEEE EEEEEEEEE TTS EEEEEETTSSHHHHHHHHHT SS  SEEEEEEEEE    EEEEE      B   HHHHT S  EEGGG EEEEE SEE   HHHHH TT SEEEESSS TTSTTT EESEEEEEEEEEEGGGGGGSSTT  SHHHHHT    TT  EEEEEEE TTTT         EE         TT                            EE    TTS GGGSEEEEEEEEEE SSS   EE S        SSEEEEEETTEEEEEEEEE      TT  EEE TTSSEEEEE SSS  EEEEE   EEEEEEEE  TTT    EEEEET  TTT                      EEEETTEEEES EE SS B  SEEEETTEEEEEE               EEEEEEB  SEE      TTEEEEES EEEEEEEEEEE    EEEE HHHHHSTT HHHHHHHGGGTTHHHHHHHHHHHHHHHHHHHHHHHH   SSEEE  S   STT   TTTS  TT      HHHHHHHTT                                EEEE  SS HHHHHHHHHHHHHHHHHHTTHHHHSS     HHHHHHHHHHTTT  THHHHHTHHHHHHHHHHHHHHHHHHHHH GGGGHHHHHHHHHHHHHHHHHHHGGG  TTSS S HHHHHHHS HHHHHHHHHHHHHHHHHHHHHHHHHHHHHHHHHHHHHHHHHHHHHHHTSS   STBTTBSSEEEEEEEEEETTEEEEEEEEEEE SEEEEEEES EESSSEEEEESSSEEEESSS EEEE TTS   B  BTTTEEEEEETTTSTT EE   B THHHHHH                                                                                                                    ","Polypeptide(L)"
"6VYO","A","1","GNNTASWFTALTQHGKEDLKFPRGQGVPINTNSSPDDQIGYYRRATRRIRGGDGKMKDLSPRWYFYYLGTGPEAGLPYGANKDGIIWVATEGALNTPKDHIGTRNPANNAAIVLQLPQGTTLPKGFYA","128","6VYO","PDB","14028.60","GNNTASWFTALTQHGKEDLKFPRGQGVPINTNSSPDDQIGYYRRATRRIRGGDGKMKDLSPRWYFYYLGTGPEAGLPYGANKDGIIWVATEGALNTPKDHIGTRNPANNAAIVLQLPQGTTLPKGFYA#      SB  EE  SSS     TT      SSS GGG EEEEEEE  EEE TTSSEEE   EEEEEETT STTTTS TT   TTEEEEE TT  SS  TTT    TTT   B     TT    TT   ","Polypeptide(L)"
"6VYO","B","1","GNNTASWFTALTQHGKEDLKFPRGQGVPINTNSSPDDQIGYYRRATRRIRGGDGKMKDLSPRWYFYYLGTGPEAGLPYGANKDGIIWVATEGALNTPKDHIGTRNPANNAAIVLQLPQGTTLPKGFYA","128","6VYO","PDB","14028.60","GNNTASWFTALTQHGKEDLKFPRGQGVPINTNSSPDDQIGYYRRATRRIRGGDGKMKDLSPRWYFYYLGTGPEAGLPYGANKDGIIWVATEGALNTPKDHIGTRNPANNAAIVLQLPQGTTLPKGFYA#    B SB  EEE SSS     TT      TTS GGG EEEEEEE  EEE TTS EEE   EEEEEETT STTTT  TT   TTEEEEE TT  SS  TTT  B TTT   B     TT    TTEE ","Polypeptide(L)"
"6VYO","C","1","GNNTASWFTALTQHGKEDLKFPRGQGVPINTNSSPDDQIGYYRRATRRIRGGDGKMKDLSPRWYFYYLGTGPEAGLPYGANKDGIIWVATEGALNTPKDHIGTRNPANNAAIVLQLPQGTTLPKGFYA","128","6VYO","PDB","14028.60","GNNTASWFTALTQHGKEDLKFPRGQGVPINTNSSPDDQIGYYRRATRRIRGGDGKMKDLSPRWYFYYLGTGPEAGLPYGANKDGIIWVATEGALNTPKDHIGTRNPANNAAIVLQLPQGTTLPKGFYA#    B SB  EE  SSS     TT      SSS GGG EEEEEEE  EEE TTS EEE   EEEEEETT STTTTS TT  BTTEEEEE TT  SS  TTT  B TTT   B     TT    TT   ","Polypeptide(L)"
"6VYO","D","1","GNNTASWFTALTQHGKEDLKFPRGQGVPINTNSSPDDQIGYYRRATRRIRGGDGKMKDLSPRWYFYYLGTGPEAGLPYGANKDGIIWVATEGALNTPKDHIGTRNPANNAAIVLQLPQGTTLPKGFYA","128","6VYO","PDB","14028.60","GNNTASWFTALTQHGKEDLKFPRGQGVPINTNSSPDDQIGYYRRATRRIRGGDGKMKDLSPRWYFYYLGTGPEAGLPYGANKDGIIWVATEGALNTPKDHIGTRNPANNAAIVLQLPQGTTLPKGFYA#    B SB  EEE SSS     TT      TTS GGG EEEEEEE  EEE TTS EEE   EEEEEETT STTTTS TT   TTEEEEE TT  SS  TTT  B TTT   B     TT    TTEE ","Polypeptide(L)"
"6W01","A","1","MHHHHHHSSGVDLGTENLYFQSNAMSLENVAFNVVNKGHFDGQQGEVPVSIINNTVYTKVDGVDVELFENKTTLPVNVAFELWAKRNIKPVPEVKILNNLGVDIAANTVIWDYKRDAPAHISTIGVCSMTDIAKKPTETICAPLTVFFDGRVDGQVDLFRNARNGVLITEGSVKGLQPSVGPKQASLNGVTLIGEAVKTQFNYYKKVDGVVQQLPETYFTQSRNLQEFKPRSQMEIDFLELAMDEFIERYKLEGYAFEHIVYGDFSHSQLGGLHLLIGLAKRFKESPFELEDFIPMDSTVKNYFITDAQTGSSKCVCSVIDLLLDDFVEIIKSQDLSVVSKVVKVTIDYTEISFMLWCKDGHVETFYPKLQ","371","6W01","PDB","41728.30","MHHHHHHSSGVDLGTENLYFQSNAMSLENVAFNVVNKGHFDGQQGEVPVSIINNTVYTKVDGVDVELFENKTTLPVNVAFELWAKRNIKPVPEVKILNNLGVDIAANTVIWDYKRDAPAHISTIGVCSMTDIAKKPTETICAPLTVFFDGRVDGQVDLFRNARNGVLITEGSVKGLQPSVGPKQASLNGVTLIGEAVKTQFNYYKKVDGVVQQLPETYFTQSRNLQEFKPRSQMEIDFLELAMDEFIERYKLEGYAFEHIVYGDFSHSQLGGLHLLIGLAKRFKESPFELEDFIPMDSTVKNYFITDAQTGSSKCVCSVIDLLLDDFVEIIKSQDLSVVSKVVKVTIDYTEISFMLWCKDGHVETFYPKLQ#                          HHHHHHHHHHHSS         EEEETTEEEEEETTEEEEEEE  SSS HHHHHHHHHTB  S B  HHHHHHTT  EESSSB EETTTTEESSS EESS TTTEEESSTTSGGGTTS EEEETTSTTHHHHHHH SSEEEEESS BTTB  EE  S EEETTEEE  SSS    EEEEEETTEE      B      STT    SHHHHHHHHS HHHHHHHTT TTS HHHHTT B SSSB B   BHHHHHHHHHHS EEEE SS S  SSEEEEEEETTT  EEEEEEEB   HHHHHHHHTTS   SSEEEEEEEETTEEEEEEEEEETTEEEEEEE   ","Polypeptide(L)"
"6W01","B","1","MHHHHHHSSGVDLGTENLYFQSNAMSLENVAFNVVNKGHFDGQQGEVPVSIINNTVYTKVDGVDVELFENKTTLPVNVAFELWAKRNIKPVPEVKILNNLGVDIAANTVIWDYKRDAPAHISTIGVCSMTDIAKKPTETICAPLTVFFDGRVDGQVDLFRNARNGVLITEGSVKGLQPSVGPKQASLNGVTLIGEAVKTQFNYYKKVDGVVQQLPETYFTQSRNLQEFKPRSQMEIDFLELAMDEFIERYKLEGYAFEHIVYGDFSHSQLGGLHLLIGLAKRFKESPFELEDFIPMDSTVKNYFITDAQTGSSKCVCSVIDLLLDDFVEIIKSQDLSVVSKVVKVTIDYTEISFMLWCKDGHVETFYPKLQ","371","6W01","PDB","41728.30","MHHHHHHSSGVDLGTENLYFQSNAMSLENVAFNVVNKGHFDGQQGEVPVSIINNTVYTKVDGVDVELFENKTTLPVNVAFELWAKRNIKPVPEVKILNNLGVDIAANTVIWDYKRDAPAHISTIGVCSMTDIAKKPTETICAPLTVFFDGRVDGQVDLFRNARNGVLITEGSVKGLQPSVGPKQASLNGVTLIGEAVKTQFNYYKKVDGVVQQLPETYFTQSRNLQEFKPRSQMEIDFLELAMDEFIERYKLEGYAFEHIVYGDFSHSQLGGLHLLIGLAKRFKESPFELEDFIPMDSTVKNYFITDAQTGSSKCVCSVIDLLLDDFVEIIKSQDLSVVSKVVKVTIDYTEISFMLWCKDGHVETFYPKLQ#                          HHHHHHHHHHHSS         EEEETTEEEEEETTEEEEEEE  SSS HHHHHHHHHTB  S B  HHHHHHTT  EEBSSB EETTTTEESSS EESS TTTEEESSTTSGGGTTS EEEETTSTTHHHHHHH SSEEEEESS  TT   EE  S EEETTEEE  SSS    EEEEEETTEEE     B      STT    SHHHHHHHHS HHHHHHHTT TTS HHHHTT B SSSB B   BHHHHHHHHHHS EEEE SS S  SSEEEEEEETTT  EEEEEEEB   HHHHHHHHHTS   SSEEEEEEEETTEEEEEEEEEETTEEEEEEE   ","Polypeptide(L)"
"6W02","A","1","SNAGEVNSFSGYLKLTDNVYIKNADIVEEAKKVKPTVVVNAANVYLKHGGGVAGALNKATNNAMQVESDDYIATNGPLKVGGSCVLSGHNLAKHCLHVVGPNVNKGEDIQLLKSAYENFNQHEVLLAPLLSAGIFGADPIHSLRVCVDTVRTNVYLAVFDKNLYDKLVSSFLE","173","6W02","PDB","18548.00","SNAGEVNSFSGYLKLTDNVYIKNADIVEEAKKVKPTVVVNAANVYLKHGGGVAGALNKATNNAMQVESDDYIATNGPLKVGGSCVLSGHNLAKHCLHVVGPNVNKGEDIQLLKSAYENFNQHEVLLAPLLSAGIFGADPIHSLRVCVDTVRTNVYLAVFDKNLYDKLVSSFLE#          S EE SSSEEEEES HHHHHHHH  SEEEEE  TT    TTHHHHHHHHTTTHHHHHHHHHHHHH    TT EEEEE TTT SEEEEE    GGGT  TTHHHHHHHGGGGSSEEEE  TTSSTT   HHHHHHHHHHH  SEEEEEE  HHHHHHHHHH   ","Polypeptide(L)"
"6W02","B","1","SNAGEVNSFSGYLKLTDNVYIKNADIVEEAKKVKPTVVVNAANVYLKHGGGVAGALNKATNNAMQVESDDYIATNGPLKVGGSCVLSGHNLAKHCLHVVGPNVNKGEDIQLLKSAYENFNQHEVLLAPLLSAGIFGADPIHSLRVCVDTVRTNVYLAVFDKNLYDKLVSSFLE","173","6W02","PDB","18548.00","SNAGEVNSFSGYLKLTDNVYIKNADIVEEAKKVKPTVVVNAANVYLKHGGGVAGALNKATNNAMQVESDDYIATNGPLKVGGSCVLSGHNLAKHCLHVVGPNVNKGEDIQLLKSAYENFNQHEVLLAPLLSAGIFGADPIHSLRVCVDTVRTNVYLAVFDKNLYDKLVSSFLE#          S EE SSSEEEEES HHHHHHHH  SEEEEE  TT    TTHHHHHHHHTTTHHHHHHHHHHHHH    TT EEEEE TTT SEEEEE    GGGT  TTHHHHHHHGGGGSSEEEE  TTSSTT   HHHHHHHHHHH  SEEEEEE  HHHHHHHHHH   ","Polypeptide(L)"
"6Y2E","AAA","1","SGFRKMAFPSGKVEGCMVQVTCGTTTLNGLWLDDVVYCPRHVICTSEDMLNPNYEDLLIRKSNHNFLVQAGNVQLRVIGHSMQNCVLKLKVDTANPKTPKYKFVRIQPGQTFSVLACYNGSPSGVYQCAMRPNFTIKGSFLNGSCGSVGFNIDYDCVSFCYMHHMELPTGVHAGTDLEGNFYGPFVDRQTAQAAGTDTTITVNVLAWLYAAVINGDRWFLNRFTTTLNDFNLVAMKYNYEPLTQDHVDILGPLSAQTGIAVLDMCASLKELLQNGMNGRTILGSALLEDEFTPFDVVRQCSGVTFQ","306","6Y2E","PDB","33825.50","SGFRKMAFPSGKVEGCMVQVTCGTTTLNGLWLDDVVYCPRHVICTSEDMLNPNYEDLLIRKSNHNFLVQAGNVQLRVIGHSMQNCVLKLKVDTANPKTPKYKFVRIQPGQTFSVLACYNGSPSGVYQCAMRPNFTIKGSFLNGSCGSVGFNIDYDCVSFCYMHHMELPTGVHAGTDLEGNFYGPFVDRQTAQAAGTDTTITVNVLAWLYAAVINGDRWFLNRFTTTLNDFNLVAMKYNYEPLTQDHVDILGPLSAQTGIAVLDMCASLKELLQNGMNGRTILGSALLEDEFTPFDVVRQCSGVTFQ#                                                                                                                                                                                                                                                                                                                  ","Polypeptide(L)"
"6Y2F","AAA","1","SGFRKMAFPSGKVEGCMVQVTCGTTTLNGLWLDDVVYCPRHVICTSEDMLNPNYEDLLIRKSNHNFLVQAGNVQLRVIGHSMQNCVLKLKVDTANPKTPKYKFVRIQPGQTFSVLACYNGSPSGVYQCAMRPNFTIKGSFLNGSCGSVGFNIDYDCVSFCYMHHMELPTGVHAGTDLEGNFYGPFVDRQTAQAAGTDTTITVNVLAWLYAAVINGDRWFLNRFTTTLNDFNLVAMKYNYEPLTQDHVDILGPLSAQTGIAVLDMCASLKELLQNGMNGRTILGSALLEDEFTPFDVVRQCSGVTFQ","306","6Y2F","PDB","33825.50","SGFRKMAFPSGKVEGCMVQVTCGTTTLNGLWLDDVVYCPRHVICTSEDMLNPNYEDLLIRKSNHNFLVQAGNVQLRVIGHSMQNCVLKLKVDTANPKTPKYKFVRIQPGQTFSVLACYNGSPSGVYQCAMRPNFTIKGSFLNGSCGSVGFNIDYDCVSFCYMHHMELPTGVHAGTDLEGNFYGPFVDRQTAQAAGTDTTITVNVLAWLYAAVINGDRWFLNRFTTTLNDFNLVAMKYNYEPLTQDHVDILGPLSAQTGIAVLDMCASLKELLQNGMNGRTILGSALLEDEFTPFDVVRQCSGVTFQ#                                                                                                                                                                                                                                                                                                                  ","Polypeptide(L)"
"6Y2G","AAA","1","SGFRKMAFPSGKVEGCMVQVTCGTTTLNGLWLDDVVYCPRHVICTSEDMLNPNYEDLLIRKSNHNFLVQAGNVQLRVIGHSMQNCVLKLKVDTANPKTPKYKFVRIQPGQTFSVLACYNGSPSGVYQCAMRPNFTIKGSFLNGSCGSVGFNIDYDCVSFCYMHHMELPTGVHAGTDLEGNFYGPFVDRQTAQAAGTDTTITVNVLAWLYAAVINGDRWFLNRFTTTLNDFNLVAMKYNYEPLTQDHVDILGPLSAQTGIAVLDMCASLKELLQNGMNGRTILGSALLEDEFTPFDVVRQCSGVTFQ","306","6Y2G","PDB","33825.50","SGFRKMAFPSGKVEGCMVQVTCGTTTLNGLWLDDVVYCPRHVICTSEDMLNPNYEDLLIRKSNHNFLVQAGNVQLRVIGHSMQNCVLKLKVDTANPKTPKYKFVRIQPGQTFSVLACYNGSPSGVYQCAMRPNFTIKGSFLNGSCGSVGFNIDYDCVSFCYMHHMELPTGVHAGTDLEGNFYGPFVDRQTAQAAGTDTTITVNVLAWLYAAVINGDRWFLNRFTTTLNDFNLVAMKYNYEPLTQDHVDILGPLSAQTGIAVLDMCASLKELLQNGMNGRTILGSALLEDEFTPFDVVRQCSGVTFQ#                                                                                                                                                                                                                                                                                                                  ","Polypeptide(L)"
"6Y2G","BBB","1","SGFRKMAFPSGKVEGCMVQVTCGTTTLNGLWLDDVVYCPRHVICTSEDMLNPNYEDLLIRKSNHNFLVQAGNVQLRVIGHSMQNCVLKLKVDTANPKTPKYKFVRIQPGQTFSVLACYNGSPSGVYQCAMRPNFTIKGSFLNGSCGSVGFNIDYDCVSFCYMHHMELPTGVHAGTDLEGNFYGPFVDRQTAQAAGTDTTITVNVLAWLYAAVINGDRWFLNRFTTTLNDFNLVAMKYNYEPLTQDHVDILGPLSAQTGIAVLDMCASLKELLQNGMNGRTILGSALLEDEFTPFDVVRQCSGVTFQ","306","6Y2G","PDB","33825.50","SGFRKMAFPSGKVEGCMVQVTCGTTTLNGLWLDDVVYCPRHVICTSEDMLNPNYEDLLIRKSNHNFLVQAGNVQLRVIGHSMQNCVLKLKVDTANPKTPKYKFVRIQPGQTFSVLACYNGSPSGVYQCAMRPNFTIKGSFLNGSCGSVGFNIDYDCVSFCYMHHMELPTGVHAGTDLEGNFYGPFVDRQTAQAAGTDTTITVNVLAWLYAAVINGDRWFLNRFTTTLNDFNLVAMKYNYEPLTQDHVDILGPLSAQTGIAVLDMCASLKELLQNGMNGRTILGSALLEDEFTPFDVVRQCSGVTFQ#                                                                                                                                                                                                                                                                                                                  ","Polypeptide(L)"
"6Y84","A","1","SGFRKMAFPSGKVEGCMVQVTCGTTTLNGLWLDDVVYCPRHVICTSEDMLNPNYEDLLIRKSNHNFLVQAGNVQLRVIGHSMQNCVLKLKVDTANPKTPKYKFVRIQPGQTFSVLACYNGSPSGVYQCAMRPNFTIKGSFLNGSCGSVGFNIDYDCVSFCYMHHMELPTGVHAGTDLEGNFYGPFVDRQTAQAAGTDTTITVNVLAWLYAAVINGDRWFLNRFTTTLNDFNLVAMKYNYEPLTQDHVDILGPLSAQTGIAVLDMCASLKELLQNGMNGRTILGSALLEDEFTPFDVVRQCSGVTFQ","306","6Y84","PDB","33825.50","SGFRKMAFPSGKVEGCMVQVTCGTTTLNGLWLDDVVYCPRHVICTSEDMLNPNYEDLLIRKSNHNFLVQAGNVQLRVIGHSMQNCVLKLKVDTANPKTPKYKFVRIQPGQTFSVLACYNGSPSGVYQCAMRPNFTIKGSFLNGSCGSVGFNIDYDCVSFCYMHHMELPTGVHAGTDLEGNFYGPFVDRQTAQAAGTDTTITVNVLAWLYAAVINGDRWFLNRFTTTLNDFNLVAMKYNYEPLTQDHVDILGPLSAQTGIAVLDMCASLKELLQNGMNGRTILGSALLEDEFTPFDVVRQCSGVTFQ#          HHHHTTEEEEEETTEEEEEEEETTEEEEEGGGG  TTGGGS  HHHHHHT  GGGEEEEETTEEE EEEEEEETTEEEEEESS  TT  EEEE    TT EEEEEEEETTEEEEEEEEE  TTS B     TT TT EEEEEETTEEEEEEEEEEE TTS EEEE TTS BSTT  SSSS        B HHHHHHHHHHHHHTT  TT  S    HHHHHHHHHHTTB    HHHHHHTHHHHHHH   HHHHHHHHHHHHHH  TT  BTTBSS      HHHHHHHHHT    ","Polypeptide(L)"


