UniProt	chain_id	end	entity_id	identifier	identity	is_canonical	name	pdb_end	pdb_id	pdb_start	start	struct_asym_id	unp_end	unp_start
D5HJT4	A	"{""author_residue_number"":988,""author_insertion_code"":"""",""residue_number"":79}"	1	D5HJT4_BCHK3	0.664	True	D5HJT4_BCHK3	79	6lxt	1	"{""author_residue_number"":null,""author_insertion_code"":"""",""residue_number"":1}"	A	957	879
D5HJT4	A	"{""author_residue_number"":1177,""author_insertion_code"":"""",""residue_number"":101}"	1	D5HJT4_BCHK3	0.664	True	D5HJT4_BCHK3	101	6lxt	86	"{""author_residue_number"":null,""author_insertion_code"":"""",""residue_number"":86}"	A	978	963
D5HJT4	A	"{""author_residue_number"":null,""author_insertion_code"":"""",""residue_number"":129}"	1	D5HJT4_BCHK3	0.664	True	D5HJT4_BCHK3	129	6lxt	105	"{""author_residue_number"":1181,""author_insertion_code"":"""",""residue_number"":105}"	A	1005	979
D5HJT4	B	"{""author_residue_number"":988,""author_insertion_code"":"""",""residue_number"":79}"	1	D5HJT4_BCHK3	0.664	True	D5HJT4_BCHK3	79	6lxt	1	"{""author_residue_number"":null,""author_insertion_code"":"""",""residue_number"":1}"	B	957	879
D5HJT4	B	"{""author_residue_number"":1177,""author_insertion_code"":"""",""residue_number"":101}"	1	D5HJT4_BCHK3	0.664	True	D5HJT4_BCHK3	101	6lxt	86	"{""author_residue_number"":1162,""author_insertion_code"":"""",""residue_number"":86}"	B	978	963
D5HJT4	B	"{""author_residue_number"":null,""author_insertion_code"":"""",""residue_number"":129}"	1	D5HJT4_BCHK3	0.664	True	D5HJT4_BCHK3	129	6lxt	105	"{""author_residue_number"":1181,""author_insertion_code"":"""",""residue_number"":105}"	B	1005	979
D5HJT4	C	"{""author_residue_number"":988,""author_insertion_code"":"""",""residue_number"":79}"	1	D5HJT4_BCHK3	0.664	True	D5HJT4_BCHK3	79	6lxt	1	"{""author_residue_number"":null,""author_insertion_code"":"""",""residue_number"":1}"	C	957	879
D5HJT4	C	"{""author_residue_number"":1177,""author_insertion_code"":"""",""residue_number"":101}"	1	D5HJT4_BCHK3	0.664	True	D5HJT4_BCHK3	101	6lxt	86	"{""author_residue_number"":null,""author_insertion_code"":"""",""residue_number"":86}"	C	978	963
D5HJT4	C	"{""author_residue_number"":null,""author_insertion_code"":"""",""residue_number"":129}"	1	D5HJT4_BCHK3	0.664	True	D5HJT4_BCHK3	129	6lxt	105	"{""author_residue_number"":1181,""author_insertion_code"":"""",""residue_number"":105}"	C	1005	979
D5HJT4	D	"{""author_residue_number"":null,""author_insertion_code"":"""",""residue_number"":79}"	1	D5HJT4_BCHK3	0.664	True	D5HJT4_BCHK3	79	6lxt	1	"{""author_residue_number"":null,""author_insertion_code"":"""",""residue_number"":1}"	D	957	879
D5HJT4	D	"{""author_residue_number"":1177,""author_insertion_code"":"""",""residue_number"":101}"	1	D5HJT4_BCHK3	0.664	True	D5HJT4_BCHK3	101	6lxt	86	"{""author_residue_number"":null,""author_insertion_code"":"""",""residue_number"":86}"	D	978	963
D5HJT4	D	"{""author_residue_number"":null,""author_insertion_code"":"""",""residue_number"":129}"	1	D5HJT4_BCHK3	0.664	True	D5HJT4_BCHK3	129	6lxt	105	"{""author_residue_number"":1181,""author_insertion_code"":"""",""residue_number"":105}"	D	1005	979
D5HJT4	E	"{""author_residue_number"":988,""author_insertion_code"":"""",""residue_number"":79}"	1	D5HJT4_BCHK3	0.664	True	D5HJT4_BCHK3	79	6lxt	1	"{""author_residue_number"":null,""author_insertion_code"":"""",""residue_number"":1}"	E	957	879
D5HJT4	E	"{""author_residue_number"":1177,""author_insertion_code"":"""",""residue_number"":101}"	1	D5HJT4_BCHK3	0.664	True	D5HJT4_BCHK3	101	6lxt	86	"{""author_residue_number"":null,""author_insertion_code"":"""",""residue_number"":86}"	E	978	963
D5HJT4	E	"{""author_residue_number"":null,""author_insertion_code"":"""",""residue_number"":129}"	1	D5HJT4_BCHK3	0.664	True	D5HJT4_BCHK3	129	6lxt	105	"{""author_residue_number"":1181,""author_insertion_code"":"""",""residue_number"":105}"	E	1005	979
D5HJT4	F	"{""author_residue_number"":988,""author_insertion_code"":"""",""residue_number"":79}"	1	D5HJT4_BCHK3	0.664	True	D5HJT4_BCHK3	79	6lxt	1	"{""author_residue_number"":null,""author_insertion_code"":"""",""residue_number"":1}"	F	957	879
D5HJT4	F	"{""author_residue_number"":1177,""author_insertion_code"":"""",""residue_number"":101}"	1	D5HJT4_BCHK3	0.664	True	D5HJT4_BCHK3	101	6lxt	86	"{""author_residue_number"":null,""author_insertion_code"":"""",""residue_number"":86}"	F	978	963
D5HJT4	F	"{""author_residue_number"":null,""author_insertion_code"":"""",""residue_number"":129}"	1	D5HJT4_BCHK3	0.664	True	D5HJT4_BCHK3	129	6lxt	105	"{""author_residue_number"":1181,""author_insertion_code"":"""",""residue_number"":105}"	F	1005	979
